,dx,dy,t,x,y
0,-0.0319355236764521,0.0013071465763708598,0.01,0.02059706291701657,2.9268442559379433
1,-0.026910661755652238,0.0013046444579664681,0.02,0.020307245305631435,2.9268573148932866
2,-0.024741175664977064,0.0013021421335542853,0.03,0.020050125282866395,2.926870348826416
3,-0.023478228438135202,0.00129963960317975,0.04,0.01980950500356253,2.9268833577352713
4,-0.022634512471898013,0.0012971368668883159,0.05,0.019579190228641085,2.926896341617793
5,-0.0220230390017349,0.001294633924725427,0.060000000000000005,0.019356050182887836,2.9269093004719227
6,-0.021554861010445518,0.0012921307767365347,0.06999999999999999,0.01913825593350218,2.926922234295601
7,-0.02118166609173602,0.0012896274229670965,0.08,0.018924638393951573,2.926935143086771
8,-0.02087471737742781,0.001287123863462581,0.09,0.018714402899907983,2.926948026843375
9,-0.020615749886411065,0.0012846200982684437,0.09999999999999999,0.01850698475669375,2.926960885563355
10,-0.020392552411456474,0.0012821161274301598,0.11,0.018301969069260692,2.9269737192446548
11,-0.020196629583066582,0.0012796119509931947,0.12,0.01809904305219461,2.926986527885218
12,-0.020021878439627588,0.001277107569003027,0.13,0.01789796607955228,2.926999311482989
13,-0.01986379761844434,0.001274602981505139,0.14,0.017698550036529398,2.927012070035913
14,-0.019718993322852964,0.0012720981885450088,0.15000000000000002,0.017500645958220505,2.927024803541934
15,-0.019584858983961617,0.0012695931901681296,0.16,0.017304134666342903,2.927037511999
16,-0.01945936087054778,0.0012670879864199903,0.17,0.01710892003782906,2.927050195405054
17,-0.019340890643785594,0.0012645825773460804,0.18000000000000002,0.016914924057995752,2.9270628537580436
18,-0.019228161520594145,0.0012620769629918982,0.19,0.016722083115115794,2.9270754870559164
19,-0.019120133609795916,0.0012595711434029546,0.2,0.01653034517805126,2.9270880952966185
20,-0.019015959226571674,0.0012570651186247473,0.21000000000000002,0.016339667614531053,2.9271006784781
21,-0.018914942176101755,0.0012545588887027878,0.22,0.016150015482397435,2.927113236598308
22,-0.018816506988008495,0.0012520524536825848,0.23,0.015961360175528395,2.9271257696551904
23,-0.018720175358668798,0.001249545813609667,0.24000000000000002,0.015773678339490962,2.9271382776466983
24,-0.01862554789410201,0.001247038968529542,0.25,0.0155869509949451,2.92715076057078
25,-0.01853228980476745,0.0012445319184877417,0.26,0.015401162822915359,2.927163218425385
26,-0.01844011958394809,0.0012420246635297897,0.27,0.015216301577513896,2.927175651208466
27,-0.018348799964705686,0.001239517203701222,0.28,0.015032357599986019,2.927188058917973
28,-0.0182581306354842,0.0012370095390475692,0.29000000000000004,0.014849323414021334,2.9272004415518578
29,-0.018167942326385855,0.0012345016696143727,0.3,0.014667193386776488,2.927212799108071
30,-0.01807809197343029,0.0012319935954471773,0.31,0.014485963443433633,2.927225131584567
31,-0.01798845873774856,0.001229485316591528,0.32,0.014305630825679492,2.927237438979298
32,-0.017898940708129144,0.001226976833092975,0.33,0.014126193886450422,2.927249721290217
33,-0.017809452153762277,0.0012244681449970708,0.34,0.01394765191480341,2.927261978515278
34,-0.01771992122300262,0.0012219592523493759,0.35000000000000003,0.013770004985952763,2.927274210652435
35,-0.017630288006011074,0.0012194501551954465,0.36000000000000004,0.013593253832439018,2.9272864176996425
36,-0.017540502896048322,0.0012169408535808578,0.37,0.013417399733129859,2.9272985996548573
37,-0.017450525197269452,0.0012144313475511675,0.38,0.01324244441733666,2.9273107565160332
38,-0.017360321937059078,0.0012119216371519526,0.39,0.013068389981799154,2.927322888281127
39,-0.017269866848940482,0.0012094117224287905,0.4,0.01289523881866826,2.9273349949480956
40,-0.017179139498408085,0.0012069016034272637,0.41000000000000003,0.012722993552924614,2.9273470765148946
41,-0.017088124529051205,0.001204391280192951,0.42000000000000004,0.012551656987920143,2.9273591329794835
42,-0.016996811010351217,0.0012018807527714392,0.43,0.012381232057935985,2.9273711643398177
43,-0.016905191871761514,0.0011993700212083213,0.44,0.012211721786819427,2.9273831705938576
44,-0.016813263410289138,0.0011968590855491975,0.45,0.012043129251902764,2.9273951517395616
45,-0.016721024860916936,0.0011943479458396548,0.46,0.011875457552524064,2.927407107774889
46,-0.016628478020937205,0.0011918366021253072,0.47000000000000003,0.011708709782567368,2.9274190386977987
47,-0.01653562692068742,0.0011893250544517523,0.48000000000000004,0.011542889006521747,2.9274309445062516
48,-0.016442477534349787,0.0011868133028646029,0.49,0.01137799823862789,2.9274428251982076
49,-0.016349037525444372,0.0011843013474094753,0.5,0.011214040424739072,2.9274546807716293
50,-0.01625531602245063,0.0011817891881319798,0.51,0.011051018426573085,2.927466511224477
51,-0.016161323420663114,0.001179276825077743,0.52,0.010888935008073726,2.9274783165547125
52,-0.01606707120694927,0.0011767642582923858,0.53,0.010727792823636718,2.927490096760299
53,-0.015972571804549317,0.0011742514878215404,0.54,0.010567594407985575,2.9275018518392
54,-0.015877838435456038,0.0011717385137108328,0.55,0.010408342167509705,2.9275135817893774
55,-0.015782884998249303,0.0011692253360059027,0.56,0.010250038372899787,2.927525286608795
56,-0.01568772595954554,0.001166711954752385,0.5700000000000001,0.010092685152935293,2.9275369662954183
57,-0.015592376257465644,0.00116419836999593,0.5800000000000001,0.009936284489296185,2.9275486208472117
58,-0.015496851215732356,0.0011616845817821759,0.59,0.009780838212285729,2.9275602502621396
59,-0.01540116646718561,0.0011591705901567858,0.6,0.009626347997364263,2.927571854538169
60,-0.0153053378856572,0.001156656395165398,0.61,0.009472815362405233,2.9275834336732656
61,-0.015209381525276918,0.0011541419968536812,0.62,0.009320241665594572,2.927594987665395
62,-0.015113313566395944,0.001151627395267291,0.63,0.009168628103903297,2.927606516512525
63,-0.015017150267410817,0.0011491125904518965,0.64,0.009017975712070843,2.927618020212623
64,-0.014920907921856588,0.0011465975824531604,0.65,0.008868285362043251,2.9276294987636566
65,-0.014824602820211209,0.001144082371316764,0.66,0.008719557762816512,2.9276409521635944
66,-0.014728251215917719,0.0011415669570883778,0.67,0.008571793460640338,2.927652380410406
67,-0.014631869295186594,0.0011390513398136807,0.68,0.008424992839542463,2.9276637835020596
68,-0.01453547315018996,0.001136535519538361,0.6900000000000001,0.008279156122137699,2.9276751614365257
69,-0.014439078755302058,0.0011340194963081,0.7000000000000001,0.008134283370689513,2.9276865142117745
70,-0.014342701946078316,0.0011315032701685965,0.7100000000000001,0.007990374488395263,2.9276978418257755
71,-0.014246358400698392,0.0011289868411655352,0.72,0.007847429220869138,2.927709144276501
72,-0.01415006362362788,0.001126470209344622,0.73,0.007705447157799346,2.9277204215619226
73,-0.014053832931279217,0.0011239533747515542,0.74,0.007564427734758533,2.9277316736800123
74,-0.013957681439475166,0.0011214363374320415,0.75,0.007424370235148427,2.9277429006287417
75,-0.013861624052538341,0.00111891909743179,0.76,0.007285273792261571,2.9277541024060856
76,-0.01376567545384844,0.0011164016547965162,0.77,0.007147137391444701,2.9277652790100155
77,-0.013669850097724557,0.0011138840095719319,0.78,0.007009959872349814,2.9277764304385063
78,-0.013574162202504304,0.0011113661618037643,0.79,0.006873739931260317,2.9277875566895313
79,-0.013478625744704108,0.0011088481115377287,0.8,0.006738476123480909,2.927798657761067
80,-0.013383254454156215,0.0011063298588195613,0.81,0.006604166865780866,2.9278097336510873
81,-0.013288061810028236,0.0011038114036949881,0.8200000000000001,0.006470810438881501,2.9278207843575683
82,-0.013193061037639934,0.0011012927462097453,0.8300000000000001,0.006338404989979348,2.927831809878487
83,-0.013098265106000172,0.0010987738864095746,0.8400000000000001,0.0062069485352975184,2.9278428102118186
84,-0.013003686725994137,0.0010962548243402112,0.85,0.0060764389626584096,2.927853785355541
85,-0.012909338349157489,0.0010937355600474123,0.86,0.0059468740340715065,2.9278647353076312
86,-0.012815232166980084,0.0010912160935769146,0.87,0.005818251388330804,2.927875660066068
87,-0.012721380110686992,0.001088696424974483,0.88,0.005690568543616724,2.9278865596288286
88,-0.01262779385144953,0.0010861765542858684,0.89,0.005563822900098045,2.9278974339938935
89,-0.012534484800983183,0.0010836564815568303,0.9,0.005438011742529769,2.927908283159241
90,-0.012441464112493254,0.0010811362068331408,0.91,0.0053131322428432055,2.927919107122852
91,-0.012348742681932624,0.0010786157301605596,0.92,0.005189181462725055,2.9279299058827046
92,-0.01225633114953906,0.0010760950515848605,0.93,0.005066156356182444,2.927940679436782
93,-0.012164239901622591,0.0010735741711518246,0.9400000000000001,0.004944053772091358,2.927951427783064
94,-0.012072479072575951,0.0010710530889072257,0.9500000000000001,0.004822870456726015,2.927962150919532
95,-0.011981058547083569,0.0010685318048968468,0.9600000000000001,0.0047026030562671755,2.9279728488441688
96,-0.011889987962506583,0.0010660103191664756,0.97,0.004583248119287424,2.9279835215549572
97,-0.011799276711423577,0.0010634886317619008,0.98,0.004464802099211828,2.9279941690498794
98,-0.011708933944308289,0.0010609667427289226,0.99,0.004347261356752472,2.9280047913269205
99,-0.011618968572327349,0.0010584446521133277,1.0,0.004230622162315613,2.9280153883840634
100,-0.011529389270242451,0.0010559223599609254,1.01,0.004114880698380336,2.9280259602192915
101,-0.011440204479402815,0.0010533998663175147,1.02,0.004000033061847685,2.928036506830591
102,-0.011351422410815078,0.0010508771712289067,1.03,0.0038860752663595266,2.928047028215946
103,-0.011263051048278655,0.0010483542747409163,1.04,0.003773003244586322,2.9280575243733433
104,-0.011175098151575977,0.0010458311768993568,1.05,0.0036608128504833064,2.9280679953007693
105,-0.011087571259707704,0.0010433078777500446,1.06,0.003549499861514519,2.928078440996211
106,-0.01100047769416392,0.0010407843773388072,1.07,0.0034390599808442708,2.928088861457654
107,-0.01091382456222329,0.0010382606757114701,1.08,0.003329488839495796,2.928099256683087
108,-0.010827618760272592,0.0010357367729138642,1.09,0.003220781998476776,2.9281096266704973
109,-0.010741866977139998,0.0010332126689918185,1.1,0.0031129349508715923,2.9281199714178743
110,-0.010656575697435847,0.00103068836399118,1.11,0.0030059431239002296,2.9281302909232068
111,-0.010571751204895357,0.0010281638579577813,1.12,0.0028998018809437156,2.9281405851844844
112,-0.010487399585718251,0.0010256391509374729,1.1300000000000001,0.002794506523536198,2.9281508541996963
113,-0.010403526731900604,0.0010231142429760983,1.1400000000000001,0.0026900522933236094,2.9281610979668335
114,-0.010320138344554763,0.0010205891341195147,1.1500000000000001,0.0025864343739891047,2.928171316483886
115,-0.010237239937213653,0.0010180638244135765,1.1600000000000001,0.0024836478931453553,2.928181509748846
116,-0.010154836839115899,0.001015538313904141,1.17,0.002381687924193909,2.928191677759705
117,-0.010072934198468888,0.0010130126026370782,1.18,0.002280549488151783,2.928201820514455
118,-0.009991536985686826,0.0010104866906582423,1.19,0.002180227555445583,2.9282119380110885
119,-0.009910649996601443,0.0010079605780135158,1.2,0.002080717047673347,2.928222030247599
120,-0.00983027785564308,0.0010054342647487667,1.21,0.001982012839334435,2.92823209722198
121,-0.009750425018990178,0.0010029077509098774,1.22,0.0018841097595277845,2.9282421389322257
122,-0.009671095777685431,0.0010003810365427218,1.23,0.0017870025936188,2.92825215537633
123,-0.009592294260717043,0.0009978541216931944,1.24,0.0016906860848752872,2.9282621465522887
124,-0.009514024438063736,0.0009953270064071782,1.25,0.0015951549360727416,2.9282721124580955
125,-0.00943629012370233,0.000992799690730564,1.26,0.0015004038110693703,2.928282053091748
126,-0.009359094978576775,0.0009902721747092505,1.27,0.0014064273363512318,2.9282919684512425
127,-0.009282442513527908,0.0009877444583891396,1.28,0.0013132201025478894,2.928301858534575
128,-0.009206336092182991,0.0009852165418161316,1.29,0.001220776665918954,2.928311723339743
129,-0.009130778933804554,0.000982688425036132,1.3,0.001129091549811945,2.928321562864744
130,-0.009055774116097946,0.0009801601080950569,1.31,0.001038159246091868,2.9283313771075763
131,-0.008981324577977153,0.000977631591038812,1.32,0.0009479742165429151,2.928341166066239
132,-0.008907433122288637,0.0009751028739133223,1.33,0.0008585308942427306,2.92835092973873
133,-0.0088341024184929,0.0009725739567645057,1.34,0.0007698236849096394,2.9283606681230503
134,-0.00876133500530363,0.0009700448396382892,1.35,0.0006818469682232797,2.9283703812171984
135,-0.008689133293284364,0.0009675155225805978,1.36,0.000594595099119046,2.928380069019177
136,-0.008617499567402601,0.0009649860056373706,1.37,0.0005080624090567919,2.9283897315269845
137,-0.008546435989541499,0.0009624562888545347,1.3800000000000001,0.00042224320726419023,2.9283993687386234
138,-0.008475944600969133,0.0009599263722780397,1.3900000000000001,0.00033713178195520155,2.928408980652095
139,-0.008406027324765558,0.0009573962559538216,1.4000000000000001,0.00025272240152404566,2.928418567265403
140,-0.00833668596820786,0.000954865939927832,1.4100000000000001,0.00016900931571513125,2.9284281285765488
141,-0.008267922225113352,0.0009523354242460138,1.42,8.598675676932947e-05,2.928437664583536
142,-0.008199737678141318,0.0009498047089543289,1.43,3.648940547024154e-06,2.9284471752843677
143,-0.008132133801053482,0.0009472737940987295,1.44,-7.800993237163077e-05,2.92845666067705
144,-0.008065111960933643,0.0009447426797251828,1.45,-0.00015899567560888317,2.9284661207595852
145,-0.0079986734203668,0.000942211365879653,1.46,-0.00023931411593352045,2.9284755555299795
146,-0.007932819339578122,0.000939679852608099,1.47,-0.00031897109222661895,2.928484964986238
147,-0.007867550778532274,0.0009371481399565027,1.48,-0.00039797245446846857,2.9284943491263666
148,-0.0078028686989934405,0.0009346162279708402,1.49,-0.0004763240627463071,2.928503707948373
149,-0.007738773966546544,0.0009320841166970865,1.5,-0.0005540317862824436,2.928513041450262
150,-0.007675267352580113,0.0009295518061812234,1.51,-0.0006311015024824222,2.9285223496300423
151,-0.007612349536231288,0.0009270192964692466,1.52,-0.0007075390960028093,2.928531632485722
152,-0.0075500211062934745,0.0009244865876071364,1.53,-0.000783350457838248,2.9285408900153085
153,-0.007488282563087073,0.0009219536796408923,1.54,-0.0008585414844274099,2.92855012221681
154,-0.007427134320293926,0.0009194205726165066,1.55,-0.0009331180767774597,2.9285593290882375
155,-0.007366576706755864,0.0009168872665799877,1.56,-0.0010070861396067024,2.9285685106275987
156,-0.007306609968237976,0.0009143537615773352,1.57,-0.0010804515805050163,2.9285776668329055
157,-0.007247234269157099,0.0009118200576545625,1.58,-0.0011532203091117693,2.9285867977021676
158,-0.007188449694276035,0.0009092861548576712,1.59,-0.001225398236310824,2.9285959032333957
159,-0.0071302562503640895,0.0009067520532326924,1.6,-0.001296991273442338,2.928604983424602
160,-0.007072653867824425,0.0009042177528256294,1.61,-0.0013680053315309878,2.928614038273798
161,-0.007015642402288777,0.0009016832536825152,1.62,-0.0014384463205303064,2.928623067778996
162,-0.006959221636180108,0.0008991485558493758,1.6300000000000001,-0.001508320148582816,2.9286320719382095
163,-0.0069033912802436755,0.0008966136593722355,1.6400000000000001,-0.0015776327212956133,2.928641050749451
164,-0.006848150975047109,0.0008940785642971346,1.6500000000000001,-0.001646389941031123,2.9286500042107346
165,-0.0067935002924500295,0.0008915432706701008,1.6600000000000001,-0.001714597706212695,2.928658932320075
166,-0.0067394387370436765,0.0008890077785371867,1.6700000000000002,-0.0017822619106447446,2.9286678350754864
167,-0.0066859657475611895,0.000886472087944429,1.68,-0.0018493884428471435,2.9286767124749846
168,-0.006633080698258961,0.0008839361989378786,1.69,-0.0019159831854035812,2.928685564516584
169,-0.006580782900269666,0.0008814001115635845,1.7,-0.0019820520143235655,2.928694391198302
170,-0.006529071602927443,0.0008788638258676079,1.71,-0.002047600798417853,2.928703192518154
171,-0.006477945995065752,0.0008763273418959998,1.72,-0.002112635398686964,2.928711968474158
172,-0.006427405206288459,0.0008737906596948287,1.73,-0.0021771616677225577,2.928720719064331
173,-0.006377448308214572,0.0008712537793101593,1.74,-0.0022411854491213848,2.928729444286692
174,-0.006328074315697234,0.0008687167007880603,1.75,-0.0023047125769115467,2.928738144139257
175,-0.006279282188017359,0.0008661794241746037,1.76,-0.0023677488749908318,2.9287468186200467
176,-0.00623107083005253,0.000863641949515872,1.77,-0.002430300156576861,2.9287554677270804
177,-0.006183439093421496,0.0008611042768579373,1.78,-0.002492372223668789,2.928764091458377
178,-0.006136385777604868,0.0008585664062468926,1.79,-0.002553970866520343,2.9287726898119577
179,-0.0060899096310424485,0.0008560283377288191,1.8,-0.0026151018631239515,2.9287812627858423
180,-0.0060440093522076185,0.0008534900713498079,1.81,-0.0026757709787057203,2.9287898103780527
181,-0.005998683590659313,0.0008509516071559613,1.82,-0.002735983965231047,2.9287983325866107
182,-0.005953930948071985,0.0008484129451933635,1.83,-0.002795746560920651,2.928806829409537
183,-0.005909749979244041,0.0008458740855081324,1.84,-0.0028550644897767825,2.928815300844855
184,-0.005866139193085153,0.0008433350281463646,1.85,-0.002913943461119418,2.928823746890588
185,-0.005823097053582931,0.0008407957731541713,1.86,-0.002972389169132226,2.928832167544759
186,-0.005780621980749329,0.000838256320577663,1.87,-0.00303040729241809,2.928840562805392
187,-0.005738712351547247,0.0008357166704629632,1.8800000000000001,-0.0030880034935639998,2.928848932670512
188,-0.005697366500797731,0.0008331768228561807,1.8900000000000001,-0.003145183418715126,2.9288572771381434
189,-0.005656582722068174,0.0008306367778034529,1.9000000000000001,-0.0032019526971578424,2.9288655962063115
190,-0.005616359268541928,0.0008280965353508942,1.9100000000000001,-0.0032583169409115607,2.9288738898730418
191,-0.005576694353869714,0.0008255560955446436,1.9200000000000002,-0.003314281744329159,2.92888215813636
192,-0.0055375861530032365,0.0008230154584308279,1.93,-0.0033698526837058493,2.9288904009942947
193,-0.005499032803011352,0.0008204746240555948,1.94,-0.0034250353168962587,2.9288986184448715
194,-0.00546103240387921,0.0008179335924650764,1.95,-0.0034798351829396406,2.9289068104861187
195,-0.005423583019290697,0.0008153923637054261,1.96,-0.003534257801692937,2.9289149771160634
196,-0.005386682677394583,0.0008128509378227877,1.97,-0.003588308673471627,2.9289231183327353
197,-0.005350329371554691,0.000810309314863308,1.98,-0.003641993278698133,2.9289312341341627
198,-0.005314521061084452,0.0008077674948731536,1.99,-0.003695317077557658,2.9289393245183755
199,-0.0052792556719662275,0.0008052254778984814,2.0,-0.0037482855096612885,2.9289473894834037
200,-0.005244531097555671,0.0008026832639854483,2.01,-0.0038009039937162213,2.9289554290272775
201,-0.005210345199271524,0.0008001408531802283,2.02,-0.0038531779272029617,2.9289634431480276
202,-0.005176695807271119,0.0007975982455289835,2.03,-0.00390511268605933,2.928971431843684
203,-0.005143580721111945,0.0007950554410778934,2.04,-0.003956713624371184,2.9289793951122824
204,-0.005110997710399602,0.0007925124398731341,2.05,-0.0040079860740696496,2.9289873329518508
205,-0.005078944515422392,0.0007899692419608835,2.0599999999999996,-0.004058935344634811,2.9289952453604235
206,-0.0050474188477729175,0.0007874258473873348,2.07,-0.004109566722805643,2.9290031323360344
207,-0.005016418390956949,0.000784882256198663,2.0799999999999996,-0.004159885472296103,2.929010993876716
208,-0.004985940800989854,0.0007823384684410716,2.09,-0.004209896833517269,2.929018829980503
209,-0.0049559837069808885,0.0007797944841607494,2.0999999999999996,-0.004259606023305352,2.92902664064543
210,-0.0049265447117056195,0.0007772503034038935,2.11,-0.004309018234655529,2.9290344258695313
211,-0.004897621392166757,0.0007747059262167098,2.1199999999999997,-0.004358138636461387,2.929042185650843
212,-0.004869211300143661,0.0007721613526454041,2.13,-0.004406972373259993,2.9290499199874014
213,-0.0048413119627308135,0.0007696165827361862,2.1399999999999997,-0.004455524564982315,2.9290576288772416
214,-0.004813920882865464,0.0007670716165352619,2.15,-0.0045038003067090614,2.929065312318401
215,-0.004787035539844767,0.0007645264540888583,2.1599999999999997,-0.004551804668431676,2.929072970308918
216,-0.004760653389832606,0.0007619810954431918,2.17,-0.0045995426948184995,2.929080602846829
217,-0.004734771866356389,0.0007594355406444843,2.1799999999999997,-0.004647019404985909,2.9290882099301725
218,-0.004709388380794018,0.0007568897897389628,2.19,-0.004694239792274415,2.929095791556989
219,-0.00468450032285131,0.0007543438427728578,2.1999999999999997,-0.004741208824029543,2.9291033477253148
220,-0.004660105061030075,0.0007517976997924035,2.21,-0.004787931441387485,2.9291108784331907
221,-0.004636199943087061,0.0007492513608438444,2.2199999999999998,-0.0048344125590653285,2.929118383678657
222,-0.004612782296484037,0.0007467048259734111,2.23,-0.004880657065155898,2.9291258634597543
223,-0.004589849428829183,0.0007441580952273573,2.2399999999999998,-0.004926669820926994,2.929133317774523
224,-0.004567398628310027,0.000741611168651929,2.25,-0.004972455660625045,2.929140746621006
225,-0.004545427164118131,0.0007390640462933746,2.26,-0.005018019391283017,2.9291481499972445
226,-0.004523932286865712,0.0007365167281979542,2.27,-0.005063365792532558,2.9291555279012798
227,-0.004502911228994452,0.0007339692144119269,2.28,-0.005108499616420241,2.929162880331156
228,-0.004482361205176619,0.0007314215049815529,2.29,-0.005153425587227888,2.929170207284916
229,-0.0044622794127087565,0.0007288735999530979,2.3,-0.005198148401296828,2.929177508760603
230,-0.00444266303189808,0.000726325499372838,2.31,-0.0052426727268561,2.929184784756263
231,-0.0044235092264418175,0.0007237772032870375,2.32,-0.005287003203854443,2.929192035269939
232,-0.004404815143799613,0.0007212287117419845,2.3299999999999996,-0.00533114444379608,2.929199260299677
233,-0.00438657791555923,0.0007186800247839468,2.34,-0.005375101029580164,2.929206459843522
234,-0.004368794657795684,0.0007161311424592197,2.3499999999999996,-0.005418877515343871,2.9292136338995216
235,-0.004351462471423996,0.0007135820648140811,2.36,-0.005462478426309032,2.9292207824657206
236,-0.004334578442545733,0.0007110327918948322,2.3699999999999997,-0.00550590825863227,2.929227905540167
237,-0.004318139642789484,0.0007084833237477595,2.38,-0.00554917147925859,2.9292350031209073
238,-0.004302143129645452,0.0007059336604191687,2.3899999999999997,-0.005592272525778301,2.929242075205991
239,-0.004286585946794299,0.0007033838019553506,2.4,-0.005635215806287308,2.9292491217934655
240,-0.0042714651244304125,0.0007008337484026234,2.4099999999999997,-0.005678005699250608,2.9292561428813797
241,-0.004256777679579722,0.0006982834998072859,2.42,-0.005720646553369056,2.9292631384677836
242,-0.004242520616412252,0.00069573305621566,2.4299999999999997,-0.005763142687449206,2.9292701085507264
243,-0.004228690926549498,0.0006931824176740501,2.44,-0.005805498390276342,2.9292770531282577
244,-0.004215285589366822,0.0006906315842287831,2.4499999999999997,-0.005847717920490459,2.92928397219843
245,-0.004202301572290969,0.0006880805559261828,2.46,-0.00588980550646533,2.9292908657592927
246,-0.0041897358310928525,0.0006855293328125744,2.4699999999999998,-0.005931765346190464,2.929297733808899
247,-0.004177585310175738,0.0006829779149342882,2.48,-0.005973601607156022,2.9293045763453
248,-0.004165846942858959,0.0006804263023376519,2.4899999999999998,-0.006015318426240516,2.9293113933665493
249,-0.004154517651657283,0.0006778744950690129,2.5,-0.006056919909601421,2.929318184870698
250,-0.0041435943485560525,0.0006753224931747041,2.51,-0.0060984101325684695,2.9293249508558015
251,-0.00413307393528223,0.0006727702967010766,2.52,-0.006139793139539742,2.929331691319913
252,-0.004122953303571463,0.0006702179056944684,2.53,-0.006181072943880405,2.9293384062610865
253,-0.004113229335431263,0.0006676653202012429,2.54,-0.006222253527824127,2.9293450956773786
254,-0.004103898903400458,0.0006651125402677432,2.55,-0.006263338842377086,2.9293517595668424
255,-0.004094958870804974,0.0006625595659403402,2.56,-0.0063043328072245825,2.929358397927536
256,-0.004086406092010104,0.0006600063972653835,2.57,-0.006345239310640155,2.9293650107575138
257,-0.004078237412669328,0.0006574530342892478,2.5799999999999996,-0.006386062209397238,2.929371598054834
258,-0.004070449669969817,0.0006548994770582928,2.59,-0.006426805328683261,2.9293781598175523
259,-0.004063039692874716,0.0006523457256189023,2.5999999999999996,-0.0064674724620162015,2.9293846960437273
260,-0.004056004302362291,0.0006497917800174465,2.61,-0.006508067371163558,2.929391206731417
261,-0.004049340311662054,0.0006472376403003038,2.6199999999999997,-0.006548593786063657,2.9293976918786804
262,-0.0040430445264879504,0.0006446833065138586,2.63,-0.006589055404749363,2.9294041514835762
263,-0.004037113745268706,0.0006421287787044959,2.6399999999999997,-0.006629455893274051,2.929410585544164
264,-0.004031544759375422,0.0006395740569186074,2.65,-0.006669798885639916,2.9294169940585038
265,-0.004026334353346507,0.0006370191412025884,2.6599999999999997,-0.006710087983728508,2.929423377024656
266,-0.004021479305110033,0.0006344640316028344,2.67,-0.006750326757233529,2.9294297344406814
267,-0.004016976386203594,0.0006319087281657441,2.6799999999999997,-0.006790518743595826,2.9294360663046417
268,-0.00401282236199176,0.0006293532309377301,2.69,-0.006830667447940579,2.929442372614599
269,-0.004009013991881202,0.0006267975399651881,2.6999999999999997,-0.006870776343016638,2.9294486533686146
270,-0.004005548029533556,0.0006242416552945391,2.71,-0.006910848869138028,2.929454908564753
271,-0.004002421223076131,0.0006216855769721912,2.7199999999999998,-0.006950888434127535,2.929461138201076
272,-0.003999630315310493,0.0006191293050445672,2.73,-0.006990898413262425,2.9294673422756463
273,-0.003997172043919039,0.0006165728395580871,2.7399999999999998,-0.0070308821492222045,2.929473520786531
274,-0.003995043141669626,0.0006140161805591776,2.75,-0.007070842952038471,2.9294796737317927
275,-0.003993240336618278,0.0006114593280942655,2.76,-0.007110784099046758,2.9294858011094975
276,-0.003991760352310121,0.0006089022822097827,2.77,-0.00715070883484046,2.92949190291771
277,-0.003990599907978528,0.0006063450429521699,2.78,-0.007190620371226673,2.9294979791544966
278,-0.003989755718742608,0.0006037876103678609,2.79,-0.007230521887184117,2.9295040298179247
279,-0.0039892244958030475,0.0006012299845032981,2.8,-0.007270416528822928,2.9295100549060598
280,-0.0039890029466364075,0.0005986721654049345,2.81,-0.007310307409346481,2.929516054416971
281,-0.003989087775187909,0.000596114153119216,2.82,-0.00735019760901509,2.9295220283487247
282,-0.0039894756820627805,0.0005935559476925921,2.8299999999999996,-0.007390090175111666,2.929527976699389
283,-0.003990163364716215,0.0005909975491715277,2.84,-0.007429988121909268,2.9295338994670344
284,-0.003991147517642003,0.0005884389576024779,2.8499999999999996,-0.007469894430640538,2.929539796649729
285,-0.003992424832559871,0.0005858801730319074,2.86,-0.007509812049469037,2.929545668245543
286,-0.0039939919986016256,0.0005833211955062869,2.8699999999999997,-0.007549743893462415,2.9295515142525472
287,-0.003995845702496095,0.0005807620250720847,2.88,-0.00758969284456749,2.9295573346688104
288,-0.003997982628752963,0.0005782026617757714,2.8899999999999997,-0.007629661751587106,2.929563129492405
289,-0.004000399459845523,0.000575643105663833,2.9,-0.007669653430158876,2.929568898721403
290,-0.00400309287639241,0.0005730833567827433,2.9099999999999997,-0.007709670662735717,2.9295746423538755
291,-0.004006059557338344,0.0005705234151789953,2.92,-0.007749716198568219,2.929580360387896
292,-0.00400929618013394,0.0005679632808990698,2.9299999999999997,-0.007789792753688795,2.929586052821537
293,-0.004012799420914625,0.0005654029539894653,2.94,-0.007829903010897641,2.9295917196528727
294,-0.004016565954678696,0.0005628424344966711,2.9499999999999997,-0.00787004961975047,2.929597360879975
295,-0.004020592455464579,0.0005602817224671855,2.96,-0.007910235196548042,2.92960297650092
296,-0.004024875596527308,0.0005577208179475188,2.9699999999999998,-0.007950462324327421,2.9296085665137825
297,-0.004029412050514271,0.0005551597209841729,2.98,-0.00799073355285505,2.929614130916638
298,-0.0040341984896402686,0.0005525984316236583,2.9899999999999998,-0.008031051398621532,2.9296196697075607
299,-0.0040392315858619006,0.0005500369499124834,3.0,-0.008071418344838184,2.929625182884629
300,-0.004044508011051341,0.0005474752758971693,3.01,-0.008111836841435318,2.9296306704459183
301,-0.004050024437169517,0.0005449134096242316,3.02,-0.008152309305062277,2.9296361323895064
302,-0.004055777536438721,0.0005423513511402016,3.03,-0.008192838119089165,2.9296415687134703
303,-0.0040617639815147205,0.0005397891004916002,3.04,-0.00823342563361034,2.9296469794158884
304,-0.004067980445658348,0.0005372266577249569,3.05,-0.008274074165449598,2.9296523644948396
305,-0.004074423602906642,0.0005346640228868066,3.06,-0.008314785998167085,2.9296577239484023
306,-0.004081090128243536,0.0005321011960236911,3.07,-0.008355563382067903,2.929663057774657
307,-0.004087976697770165,0.000529538177182145,3.08,-0.008396408534212446,2.929668365971683
308,-0.004095079988874749,0.0005269749664087154,3.09,-0.008437323638428402,2.929673648537561
309,-0.004102396680402172,0.0005244115637499543,3.0999999999999996,-0.0084783108453245,2.9296789054703716
310,-0.004109923452823169,0.0005218479692524038,3.11,-0.00851937227230589,2.9296841367681967
311,-0.004117656988403263,0.000519284182962626,3.1199999999999997,-0.008560510003591273,2.9296893424291177
312,-0.0041255939713713725,0.0005167202049271755,3.13,-0.008601726090231682,2.929694522451217
313,-0.004133731088088178,0.000514156035192616,3.1399999999999997,-0.008643022550130943,2.929699676832577
314,-0.0041420650272142485,0.0005115916738055138,3.15,-0.008684401368067871,2.9297048055712818
315,-0.004150592479877923,0.0005090271208124336,3.1599999999999997,-0.008725864495720064,2.9297099086654144
316,-0.004159310139843021,0.0005064623762599532,3.17,-0.008767413851689453,2.9297149861130594
317,-0.004168214703676345,0.0005038974401946422,3.1799999999999997,-0.008809051321529487,2.9297200379123014
318,-0.004177302870915019,0.0005013323126630842,3.19,-0.00885077875777398,2.929725064061225
319,-0.004186571344233694,0.0004987669937118628,3.1999999999999997,-0.008892597979967685,2.929730064557917
320,-0.004196016829611597,0.0004962014833875558,3.21,-0.008934510774698468,2.929735039400461
321,-0.0042056360364994775,0.0004936357817367629,3.2199999999999998,-0.008976518895631214,2.929739988586946
322,-0.004215425677986441,0.0004910698888060703,3.23,-0.009018624063543366,2.929744912115458
323,-0.004225382470966695,0.0004885038046420812,3.2399999999999998,-0.009060827966362147,2.9297498099840853
324,-0.00423550313630622,0.0004859375292913907,3.25,-0.009103132259203438,2.9297546821909144
325,-0.0042457843990093645,0.0004833710628006,3.26,-0.009145538564412338,2.9297595287340337
326,-0.004256222988385396,0.00048080440521632196,3.27,-0.00918804847160537,2.929764349611533
327,-0.00426681563821501,0.00047823755658516414,3.28,-0.009230663537714375,2.9297691448215017
328,-0.004277559086916788,0.00047567051695374146,3.29,-0.009273385287032046,2.9297739143620283
329,-0.004288450077713647,0.00047310328636866847,3.3,-0.009316215211259141,2.929778658231204
330,-0.004299485358799273,0.00047053586487656864,3.31,-0.009359154769553376,2.9297833764271193
331,-0.004310661683504529,0.0004679682525240652,3.32,-0.009402205388579936,2.9297880689478655
332,-0.004321975810463884,0.000465400449357787,3.33,-0.009445368462563707,2.9297927357915334
333,-0.004333424503781828,0.00046283245542436574,3.34,-0.009488645353343119,2.9297973769562162
334,-0.004345004533199312,0.00046026427077043195,3.3499999999999996,-0.009532037390425695,2.929801992440006
335,-0.004356712674260197,0.00045769589544262965,3.36,-0.009575545871045253,2.9298065822409964
336,-0.0043685457084777155,0.00045512732948759784,3.3699999999999997,-0.009619172060220739,2.9298111463572796
337,-0.004380500423500983,0.00045255857295198066,3.38,-0.009662917190816791,2.9298156847869508
338,-0.0043925736132815075,0.0004499896258824278,3.3899999999999997,-0.009706782463605896,2.9298201975281035
339,-0.004404762078239748,0.000447420488325588,3.4,-0.009750769047332278,2.9298246845788336
340,-0.004417062625431701,0.00044485116032812324,3.4099999999999997,-0.009794878078777382,2.9298291459372354
341,-0.0044294720687155205,0.00044228164193668815,3.42,-0.009839110662827109,2.929833581601405
342,-0.004441987228918172,0.00043971193319794374,3.4299999999999997,-0.00988346787254063,2.9298379915694395
343,-0.004454604934002132,0.00043714203415856054,3.44,-0.009927950749220931,2.929842375839435
344,-0.004467322019232098,0.00043457194486520336,3.4499999999999997,-0.009972560302486996,2.9298467344094883
345,-0.004480135327341768,0.00043200166536454937,3.46,-0.010017297510347658,2.9298510672776983
346,-0.004493041708700625,0.00042943119570327024,3.4699999999999998,-0.010062163319277128,2.9298553744421625
347,-0.004506038021480769,0.00042686053592804846,3.48,-0.010107158644292189,2.929859655900979
348,-0.004519121131823768,0.00042428968608556445,3.4899999999999998,-0.010152284369031053,2.929863911652247
349,-0.00453228791400755,0.0004217186462225074,3.5,-0.01019754134583388,2.929868141694067
350,-0.004545535250613302,0.0004191474163855648,3.51,-0.010242930395824999,2.9298723460245384
351,-0.004558860032692401,0.0004165759966214344,3.52,-0.010288452308996762,2.9298765246417613
352,-0.004572259159933357,0.00041400438697680893,3.53,-0.010334107844295075,2.9298806775438377
353,-0.004585729540828763,0.00041143258749839145,3.54,-0.010379897729706614,2.929884804728868
354,-0.004599268092842258,0.0004088605982328848,3.55,-0.010425822662347695,2.9298889061949556
355,-0.0046128717425754865,0.00040628841922699555,3.56,-0.010471883308554825,2.9298929819402004
356,-0.0046265374259350425,0.00040371605052743194,3.57,-0.010518080303976907,2.9298970319627076
357,-0.0046402620882994286,0.00040114349218091583,3.58,-0.010564414253669137,2.929901056260579
358,-0.0046540426846859596,0.0003985707442341628,3.59,-0.010610885732188546,2.929905054831919
359,-0.004667876179917667,0.000395997806733884,3.5999999999999996,-0.010657495283691231,2.9299090276748316
360,-0.0046817595487901615,0.0003934246797268121,3.61,-0.010704243422031242,2.9299129747874213
361,-0.004695689776238441,0.000390851363259676,3.6199999999999997,-0.01075113063086114,2.9299168961677946
362,-0.004709663857503671,0.0003882778573792079,3.63,-0.010798157363734236,2.929920791814056
363,-0.004723678798299876,0.0003857041621321354,3.6399999999999997,-0.010845324044208472,2.9299246617243115
364,-0.004737731614980591,0.0003831302775652044,3.65,-0.010892631065951985,2.9299285058966675
365,-0.00475181933470541,0.0003805562037251491,3.6599999999999997,-0.010940078792850343,2.9299323243292315
366,-0.004765938995606461,0.00037798194065872094,3.67,-0.010987667559115441,2.929936117020111
367,-0.004780087646954768,0.00037540748841266444,3.6799999999999997,-0.011035397669396037,2.929939883967414
368,-0.004794262349326521,0.0003728328470337361,3.69,-0.011083269398890006,2.929943625169249
369,-0.004808460174769201,0.00037025801656868375,3.6999999999999997,-0.01113128299345818,2.9299473406237246
370,-0.004822678206967596,0.00036768299706427807,3.71,-0.011179438669739934,2.9299510303289504
371,-0.0048369135414096445,0.0003651077885672702,3.7199999999999998,-0.011227736615270347,2.929954694283036
372,-0.00485116328555216,0.00036253239112443226,3.73,-0.011276176988599111,2.9299583324840914
373,-0.004865424558986347,0.0003599568047825314,3.7399999999999998,-0.011324759919410999,2.9299619449302283
374,-0.004879694493603157,0.0003573810295883377,3.75,-0.011373485508648064,2.929965531619558
375,-0.004893970233758448,0.0003548050655886339,3.76,-0.011422353828633451,2.929969092550191
376,-0.004908248936437929,0.00035222891283018807,3.77,-0.01147136492319689,2.9299726277202405
377,-0.004922527771421889,0.0003496525713597955,3.78,-0.011520518807801786,2.929976137127819
378,-0.004936803921449685,0.0003470760412242346,3.79,-0.011569815469674016,2.929979620771039
379,-0.004951074582383979,0.0003444993224702969,3.8,-0.011619254867932324,2.9299830786480143
380,-0.0049653369633747245,0.00034192241514477645,3.81,-0.01166883693372039,2.9299865107568595
381,-0.004979588287022848,0.0003393453192944716,3.82,-0.011718561570340501,2.929989917095689
382,-0.0049938257895436634,0.00033676803496617816,3.83,-0.01176842865338889,2.9299932976626173
383,-0.005008046720929964,0.0003341905622067014,3.84,-0.011818438030892707,2.9299966524557606
384,-0.005022248345114786,0.0003316129010628512,3.8499999999999996,-0.011868589523448582,2.929999981473234
385,-0.005036427940133845,0.00032903505158143225,3.86,-0.011918882924362868,2.9300032847131536
386,-0.005050582798287602,0.0003264570138092601,3.8699999999999997,-0.011969317999793437,2.930006562173637
387,-0.005064710226302971,0.00032387878779315275,3.88,-0.012019894488893203,2.9300098138528017
388,-0.005078807545494622,0.000321300373579933,3.8899999999999997,-0.012070612103955117,2.9300130397487654
389,-0.005092872091925903,0.00031872177121642243,3.9,-0.012121470530558905,2.9300162398596465
390,-0.005106901216569312,0.0003161429807494469,3.9099999999999997,-0.01217246942771933,2.9300194141835627
391,-0.005120892285466557,0.00031356400222583823,3.92,-0.012223608428036109,2.930022562718635
392,-0.005134842679888139,0.0003109848356924348,3.9299999999999997,-0.012274887137845367,2.930025685462981
393,-0.005148749796492481,0.00030840548119606486,3.94,-0.012326305137372755,2.930028782414722
394,-0.005162611047484552,0.00030582593878357846,3.9499999999999997,-0.012377861980888097,2.9300318535719785
395,-0.005176423860773993,0.0003032462085018146,3.96,-0.012429557196861675,2.9300348989328713
396,-0.005190185680132714,0.0003006662903976249,3.9699999999999998,-0.012481390288122032,2.9300379184955223
397,-0.005203893965351947,0.00029808618451785686,3.98,-0.0125333607320154,2.9300409122580535
398,-0.005217546192398746,0.0002955058909093689,3.9899999999999998,-0.012585467980566683,2.9300438802185873
399,-0.005231139853571891,0.0002929254096190159,4.0,-0.012637711460641967,2.9300468223752465
400,-0.005244672457657215,0.00029034474069366276,4.01,-0.012690090574112642,2.9300497387261544
401,-0.005258141530082303,0.00028776388418016617,4.02,-0.012742604698021041,2.930052629269434
402,-0.005271544613070554,0.00028518284012540624,4.03,-0.012795253184747621,2.9300554940032124
403,-0.005284879265794598,0.00028260160857624696,4.04,-0.01284803536217967,2.9300583329256122
404,-0.005298143064529045,0.0002800201895795649,4.05,-0.012900950533881624,2.930061146034759
405,-0.005311333602802525,0.0002774385831822411,4.06,-0.01295399797926678,2.930063933328779
406,-0.005324448491549038,0.00027485678943115367,4.07,-0.013007176953770638,2.9300666948057983
407,-0.005337485359258565,0.00027227480837319084,4.08,-0.013060486689025673,2.9300694304639436
408,-0.005350441852126941,0.00026969264005523774,4.09,-0.013113926393037687,2.9300721403013417
409,-0.005363315634204939,0.00026711028452419065,4.1,-0.013167495250363571,2.93007482431612
410,-0.0053761043875466055,0.0002645277418269422,4.109999999999999,-0.013221192422290641,2.930077482506408
411,-0.005388805812356751,0.0002619450120103948,4.12,-0.013275017047017376,2.9300801148703335
412,-0.005401417627137637,0.0002593620951214431,4.13,-0.013328968239835632,2.9300827214060248
413,-0.005413937568834827,0.0002567789912070039,4.14,-0.013383045093314446,2.9300853021116122
414,-0.0054263633929821425,0.0002541957003139762,4.1499999999999995,-0.013437246677485082,2.9300878569852262
415,-0.005438692873845775,0.0002516122224892769,4.16,-0.013491572040027712,2.9300903860249954
416,-0.005450923804567466,0.00024902855777982416,4.17,-0.013546020206459411,2.9300928892290528
417,-0.005463053997306776,0.000246444706232533,4.18,-0.01360059018032366,2.9300953665955283
418,-0.005475081283382405,0.0002438606678943268,4.1899999999999995,-0.013655280943381188,2.9300978181225545
419,-0.005487003513412572,0.00024127644281213582,4.2,-0.01371009145580233,2.9301002438082637
420,-0.00549881855745438,0.00023869203103288024,4.21,-0.013765020656360642,2.9301026436507884
421,-0.005510524305142207,0.00023610743260350385,4.22,-0.013820067462628044,2.930105017648262
422,-0.005522118665825069,0.00023352264757093742,4.2299999999999995,-0.013875230771171261,2.9301073657988184
423,-0.005533599568702937,0.00023093767598212267,4.24,-0.013930509457749644,2.930109688100592
424,-0.005544964962961996,0.00022835251788399906,4.25,-0.013985902377514355,2.9301119845517163
425,-0.005556212817908834,0.00022576717332351535,4.26,-0.014041408365208926,2.9301142551503276
426,-0.005567341123103515,0.00022318164234762282,4.27,-0.014097026235371093,2.9301164998945612
427,-0.00557834788849155,0.00022059592500327002,4.28,-0.014152754782536027,2.9301187187825537
428,-0.005589231144534714,0.00021801002133741895,4.29,-0.014208592781440814,2.930120911812441
429,-0.005599988942340722,0.00021542393139702338,4.3,-0.014264538987230287,2.93012307898236
430,-0.005610619353791711,0.00021283765522905332,4.31,-0.014320592135664117,2.9301252202904475
431,-0.005621120471671534,0.0002102511928804712,4.32,-0.014376750943325217,2.9301273357348436
432,-0.00563149040979183,0.000207664544398249,4.33,-0.014433014107829338,2.930129425313685
433,-0.0056417273031168745,0.00020507770982935785,4.34,-0.01448938030803604,2.930131489025111
434,-0.005651829307887153,0.0002024906892207762,4.35,-0.014545848204260779,2.930133526867261
435,-0.0056617946017416786,0.00019990348261948547,4.36,-0.014602416438488341,2.9301355388382753
436,-0.0056716213838389935,0.00019731609007246967,4.37,-0.014659083634587355,2.930137524936294
437,-0.005681307874976894,0.00019472851162671,4.38,-0.014715848398526167,2.9301394851594575
438,-0.005690852317710781,0.00019214074732920377,4.39,-0.014772709318589785,2.930141419505907
439,-0.005700252976470683,0.00018955279722694294,4.3999999999999995,-0.014829664965598023,2.9301433279737843
440,-0.0057095081376769205,0.00018696466136692094,4.41,-0.014886713893124896,2.930145210561232
441,-0.00571861610985434,0.00018437633979614238,4.42,-0.014943854637719,2.9301470672663927
442,-0.005727575223745193,0.0001817878325616071,4.43,-0.01500108571912521,2.9301488980874093
443,-0.00573638383242055,0.00017919913971032805,4.4399999999999995,-0.015058405640507358,2.930150703022425
444,-0.005745040311390281,0.00017661026128930888,4.45,-0.015115812888672094,2.9301524820695852
445,-0.005753543058711581,0.000174021197345571,4.46,-0.01517330593429382,2.9301542352270324
446,-0.005761890495096001,0.00017143194792612322,4.47,-0.015230883232140672,2.9301559624929134
447,-0.005770081064014993,0.0001688425130779987,4.4799999999999995,-0.015288543221301644,2.9301576638653732
448,-0.0057781132318039255,0.0001662528928482079,4.49,-0.015346284325414662,2.9301593393425573
449,-0.005785985487764564,0.00016366308728378435,4.5,-0.015404104952895735,2.930160988922612
450,-0.005793696344266013,0.00016107309643175892,4.51,-0.01546200349716918,2.9301626126036853
451,-0.00580124433684406,0.00015848292033916842,4.52,-0.015519978336898723,2.9301642103839236
452,-0.005808628024298964,0.0001558925590530438,4.53,-0.015578027836219723,2.930165782261475
453,-0.005815845988791598,0.00015330201262043195,4.54,-0.015636150344972222,2.930167328234487
454,-0.00582289683593801,0.00015071128108837598,4.55,-0.015694344198935117,2.9301688483011104
455,-0.005829779194902308,0.00014812036450391767,4.56,-0.015752607720061082,2.9301703424594923
456,-0.00583649171848791,0.00014552926291411868,4.57,-0.015810939216712595,2.9301718107077837
457,-0.005843033083227105,0.0001429379763660208,4.58,-0.015869336983898707,2.930173253044134
458,-0.0058494019894689345,0.00014034650490669302,4.59,-0.015927799303512825,2.9301746694666946
459,-0.0058555971614653556,0.00013775484858318855,4.6,-0.01598632444457127,2.930176059973616
460,-0.005861617347455688,0.00013516300744257823,4.61,-0.016044910663452774,2.9301774245630505
461,-0.005867461319749309,0.00013257098153192208,4.62,-0.016103556204138714,2.930178763233149
462,-0.005873127874806611,0.00012997877089829962,4.63,-0.01616225929845427,2.9301800759820646
463,-0.005878615833318173,0.00012738637558877748,4.64,-0.016221018166310327,2.9301813628079514
464,-0.005883924040282136,0.00012479379565044039,4.6499999999999995,-0.0162798310159461,2.9301826237089608
465,-0.0058890513650797964,0.00012220103113036505,4.66,-0.016338696044172697,2.9301838586832494
466,-0.005893996701549365,0.00011960808207563817,4.67,-0.016397611436617214,2.9301850677289694
467,-0.0058987589680578965,0.00011701494853334348,4.68,-0.016456575367967744,2.930186250844276
468,-0.005903337107571372,0.00011442163055057884,4.6899999999999995,-0.01651558600221898,2.9301874080273245
469,-0.005907730087722908,0.00011182812817443354,4.7,-0.01657464149291855,2.9301885392762723
470,-0.005911936900879109,0.000109234441452009,4.71,-0.01663373998341404,2.930189644589274
471,-0.005915956564204492,0.00010664057043040676,4.72,-0.0166928796071006,2.9301907239644867
472,-0.005919788119724049,0.00010404651515672717,4.7299999999999995,-0.016752058487669332,2.930191777400068
473,-0.005923430634383848,0.0001014522756780825,4.74,-0.016811274739356116,2.9301928048941757
474,-0.005926883200109714,9.885785204158046e-05,4.75,-0.016870526467191116,2.930193806444968
475,-0.0059301449338639844,9.62632442943395e-05,4.76,-0.016929811767248944,2.930194782050603
476,-0.00593321497770026,9.366845248347223e-05,4.77,-0.01698912872689921,2.9301957317092406
477,-0.00593609249881622,9.107347665610467e-05,4.78,-0.017048475425057753,2.930196655419039
478,-0.005938776689604425,8.847831685936114e-05,4.79,-0.017107849932438298,2.9301975531781603
479,-0.005941266767701137,8.588297314036898e-05,4.8,-0.017167250311804723,2.9301984249847632
480,-0.0059435619760331085,8.328744554625617e-05,4.81,-0.01722667461822362,2.93019927083701
481,-0.005945661582862373,8.069173412416351e-05,4.82,-0.017286120899317556,2.9302000907330616
482,-0.005947564881828964,7.809583892122614e-05,4.83,-0.01734558719551851,2.93020088467108
483,-0.005949271191991621,7.549975998458614e-05,4.84,-0.017405071540321962,2.930201652649228
484,-0.005950779857866415,7.29034973613855e-05,4.85,-0.017464571960541218,2.9302023946656677
485,-0.005952090249463301,7.030705109877661e-05,4.86,-0.017524086476562194,2.930203110718563
486,-0.005953201762320601,6.771042124390707e-05,4.87,-0.017583613102598514,2.930203800806077
487,-0.005954113817537389,6.511360784393187e-05,4.88,-0.017643149846946957,2.930204464926376
488,-0.005954825861803767,6.25166109460123e-05,4.89,-0.017702694712243245,2.930205103077622
489,-0.005955337367429028,5.9919430597305716e-05,4.8999999999999995,-0.01776224569571804,2.930205715257983
490,-0.005955647832367708,5.732206684498295e-05,4.91,-0.01782180078945335,2.930206301465623
491,-0.005955756780243482,5.4724519736203104e-05,4.92,-0.017881357980639,2.930206861698709
492,-0.005955663760370939,5.212678931814784e-05,4.93,-0.01794091525182953,2.930207395955407
493,-0.005955368347775187,4.9528875637982334e-05,4.9399999999999995,-0.018000470581201144,2.9302079042338844
494,-0.005954870143209305,4.693077874288998e-05,4.95,-0.018060021942808945,2.9302083865323088
495,-0.005954168773169621,4.433249868004822e-05,4.96,-0.01811956730684423,2.9302088428488484
496,-0.005953263889908819,4.173403549664878e-05,4.97,-0.018179104639892068,2.9302092731816725
497,-0.005952155171446839,3.913538923987106e-05,4.9799999999999995,-0.018238631905188873,2.9302096775289486
498,-0.005950842321579603,3.653655995691481e-05,4.99,-0.01829814706288013,2.930210055888847
499,-0.00594932506988553,3.393754769496788e-05,5.0,-0.01835764807027818,2.9302104082595375
500,-0.0059476031717298275,3.133835250123068e-05,5.01,-0.01841713288212009,2.9302107346391906
501,-0.005945676408266589,2.8738974422907863e-05,5.02,-0.018476599450825547,2.930211035025978
502,-0.005943544586438642,2.6139413507198753e-05,5.03,-0.01853604572675468,2.9302113094180697
503,-0.0059412075389751835,2.3539669801314394e-05,5.04,-0.01859546965846601,2.9302115578136383
504,-0.0059386651243871595,2.093974335246431e-05,5.05,-0.01865486919297424,2.9302117802108567
505,-0.00593591722696042,1.833963420786529e-05,5.06,-0.018714242276008087,2.9302119766078967
506,-0.005932963756746603,1.573934241473065e-05,5.07,-0.018773586852267966,2.930212147002932
507,-0.005929804649551777,1.3138868020289322e-05,5.08,-0.018832900865683563,2.9302122913941364
508,-0.005926439866922812,1.0538211071758419e-05,5.09,-0.018892182259671358,2.9302124097796844
509,-0.005922869396131495,7.937371616369582e-06,5.1,-0.018951428977391948,2.930212502157749
510,-0.00591909325015636,5.336349701351201e-06,5.11,-0.019010638962007192,2.9302125685265077
511,-0.0059151114676622525,2.7351453739431555e-06,5.12,-0.019069810156937168,2.930212608884135
512,-0.005910924112977611,1.3375868137849734e-07,5.13,-0.019128940506116944,2.930212623228808
513,-0.005906531276069462,-2.4678103291002904e-06,5.14,-0.019188027954253124,2.9302126115587015
514,-0.005901933072516121,-5.069561610249423e-06,5.1499999999999995,-0.019247070447080007,2.9302125738719935
515,-0.005897129643477625,-7.671495114819913e-06,5.16,-0.019306065931615664,2.9302125101668617
516,-0.005892121155663831,-1.027361079556418e-05,5.17,-0.019365012356417476,2.9302124204414834
517,-0.005886907801300264,-1.2875908605219683e-05,5.18,-0.019423907671837607,2.9302123046940385
518,-0.0058814897980916155,-1.547838849653559e-05,5.1899999999999995,-0.01948274983027784,2.930212162922705
519,-0.005875867389182981,-1.808105042225153e-05,5.2,-0.01954153678644428,2.930211995125662
520,-0.0058700408431187675,-2.0683894335099106e-05,5.21,-0.0196002664976015,2.93021180130109
521,-0.005864010453799305,-2.3286920187814693e-05,5.22,-0.019658936923826323,2.930211581447169
522,-0.005857776540435138,-2.5890127933125232e-05,5.2299999999999995,-0.0197175460282612,2.9302113355620802
523,-0.005851339447499023,-2.8493517523756366e-05,5.24,-0.019776091777366982,2.930211063644004
524,-0.0058446995446756154,-3.109708891243005e-05,5.25,-0.019834572141175417,2.930210765691123
525,-0.00583785722680882,-3.370084205187073e-05,5.26,-0.019892985093540896,2.9302104417016195
526,-0.005830812913846862,-3.6304776894784856e-05,5.27,-0.01995132861239183,2.930210091673677
527,-0.005823567050785027,-3.890889339389493e-05,5.28,-0.0200096006799814,2.9302097156054767
528,-0.0058161201076060995,-4.1513191501902735e-05,5.29,-0.02006779928313771,2.930209313495203
529,-0.00580847257921848,-4.411767117151841e-05,5.3,-0.020125922413513395,2.9302088853410417
530,-0.0058006249853919944,-4.672233235544071e-05,5.31,-0.020183968067834523,2.930208431141175
531,-0.00579257787069141,-4.9327175006374895e-05,5.32,-0.020241934248148907,2.9302079508937893
532,-0.005784331804407621,-5.193219907701451e-05,5.33,-0.020299818962073668,2.93020744459707
533,-0.005775887380486535,-5.453740452005104e-05,5.34,-0.020357620223042203,2.930206912249203
534,-0.005767245217455662,-5.714279128817305e-05,5.35,-0.02041533605055031,2.9302063538483756
535,-0.005758405958348391,-5.974835933407225e-05,5.36,-0.02047296447040168,2.930205769392774
536,-0.005749370270625975,-6.235410861042527e-05,5.37,-0.02053050351495252,2.9302051588805846
537,-0.005740138846097214,-6.496003906991525e-05,5.38,-0.020587951223355477,2.930204522309997
538,-0.0057307124008358365,-6.75661506652172e-05,5.39,-0.020645305641802673,2.930203859679199
539,-0.005721091675095604,-7.017244334900602e-05,5.3999999999999995,-0.020702564823767918,2.93020317098638
540,-0.00571127743322312,-7.277891707395162e-05,5.41,-0.020759726830248144,2.9302024562297286
541,-0.005701270463568354,-7.538557179271482e-05,5.42,-0.020816789730003785,2.930201715407436
542,-0.005691071578392888,-7.799240745796931e-05,5.43,-0.020873751599798457,2.93020094851769
543,-0.005680681613775879,-8.059942402236268e-05,5.4399999999999995,-0.02093061052463753,2.930200155558683
544,-0.005670101429517774,-8.320662143856332e-05,5.45,-0.02098736459800589,2.9301993365286063
545,-0.005659331909041723,-8.581399965921371e-05,5.46,-0.021044011922104554,2.9301984914256516
546,-0.005648373959292767,-8.842155863697564e-05,5.47,-0.02110055060808653,2.930197620248011
547,-0.005637228510634749,-9.10292983244828e-05,5.4799999999999995,-0.02115697877629146,2.930196722993877
548,-0.00562589651674497,-9.36372186743907e-05,5.49,-0.021213294556479214,2.9301957996614423
549,-0.005614378954506633,-9.624531963933454e-05,5.5,-0.02126949608806263,2.930194850248901
550,-0.005602676823899009,-9.885360117194565e-05,5.51,-0.021325581520338897,2.9301938747544476
551,-0.005590791147885399,-0.00010146206322486705,5.52,-0.021381549012720043,2.930192873176276
552,-0.0055787229722988625,-0.0001040707057507282,5.53,-0.02143739673496217,2.9301918455125815
553,-0.005566473365725735,-0.00010667952870214916,5.54,-0.021493122867393553,2.9301907917615595
554,-0.005554043419386919,-0.00010928853203175809,5.55,-0.021548725601141627,2.9301897119214058
555,-0.0055414342470169985,-0.00011189771569217796,5.56,-0.021604203138358702,2.9301886059903177
556,-0.0055286469847411306,-0.0001145070796360223,5.57,-0.021659553692446473,2.9301874739664915
557,-0.0055156827909497875,-0.00011711662381590898,5.58,-0.021714775488279353,2.930186315848124
558,-0.005502542846171268,-0.00011972634818444017,5.59,-0.021769866762426402,2.9301851316334147
559,-0.005489228352942101,-0.00012233625269423328,5.6,-0.02182482576337217,2.9301839213205603
560,-0.005475740535675234,-0.00012494633729788767,5.61,-0.021879650751736035,2.93018268490776
561,-0.005462080640526115,-0.0001275566019480073,5.62,-0.02193434000049034,2.930181422393214
562,-0.005448249935256593,-0.00013016704659718438,5.63,-0.0219888917951771,2.930180133775121
563,-0.005434249709096726,-0.0001327776711980194,5.64,-0.022043304434123466,2.9301788190516818
564,-0.005420081272604429,-0.00013538847570309796,5.6499999999999995,-0.022097576228655574,2.930177478221098
565,-0.0054057459575230365,-0.0001379994600650145,5.66,-0.022151705503311248,2.9301761112815687
566,-0.005391245116636766,-0.00014061062423634545,5.67,-0.022205690596051035,2.930174718231297
567,-0.005376580123624054,-0.00014322196816967845,5.68,-0.02225952985846792,2.9301732990684846
568,-0.005361752372908873,-0.0001458334918175904,5.6899999999999995,-0.022313221655995547,2.930171853791334
569,-0.005346763279509914,-0.00014844519513265372,5.7,-0.022366764368114887,2.9301703823980496
570,-0.0053316142788877655,-0.00015105707806744532,5.71,-0.022420156388559424,2.930168884886833
571,-0.0053163068267900165,-0.00015366914057452516,5.72,-0.022473396125518817,2.930167361255889
572,-0.00530084239909434,-0.00015628138260646613,5.7299999999999995,-0.022526482001841007,2.9301658115034233
573,-0.005285222491649548,-0.00015889380411582472,5.74,-0.022579412455232664,2.930164235627639
574,-0.00526944862011465,-0.00016150640505516092,5.75,-0.02263218593845818,2.930162633626743
575,-0.005253522319795891,-0.00016411918537703057,5.76,-0.022684800919536858,2.93016100549894
576,-0.005237445145481835,-0.00016673214503398856,5.77,-0.022737255881938635,2.9301593512424375
577,-0.005221218671276463,-0.0001693452839785772,5.78,-0.022789549324778068,2.9301576708554418
578,-0.005204844490430323,-0.00017195860216334604,5.79,-0.022841679763006585,2.9301559643361603
579,-0.005188324215169724,-0.00017457209954083576,5.8,-0.022893645727603194,2.9301542316828013
580,-0.005171659476524013,-0.00017718577606358986,5.81,-0.022945445765763288,2.930152472893573
581,-0.0051548519241509366,-0.00017979963168413666,5.82,-0.022997078441085866,2.930150687966683
582,-0.005137903226160102,-0.00018241366635501444,5.83,-0.023048542333758887,2.930148876900342
583,-0.005120815068934541,-0.0001850278800287501,5.84,-0.023099836040742946,2.930147039692759
584,-0.005103589156950419,-0.00018764227265786722,5.85,-0.02315095817595306,2.9301451763421444
585,-0.005086227212594882,-0.00019025684419489376,5.86,-0.02320190737043875,2.9301432868467097
586,-0.005068730975982065,-0.00019287159459234493,5.87,-0.023252682272562157,2.9301413712046647
587,-0.005051102204767264,-0.0001954865238027407,5.88,-0.023303281548174456,2.930139429414222
588,-0.005033342673959313,-0.0001981016317785893,5.89,-0.02335370388079028,2.930137461473593
589,-0.0050154541757311665,-0.00020071691847240608,5.8999999999999995,-0.023403947971760347,2.9301354673809903
590,-0.004997438519228695,-0.00020333238383668886,5.91,-0.023454012540442125,2.9301334471346276
591,-0.004979297530377723,-0.0002059480278239511,5.92,-0.02350389632436858,2.930131400732718
592,-0.0049610330516893335,-0.00020856385038668602,5.93,-0.023553598079415063,2.930129328173476
593,-0.004942646942063425,-0.0002111798514773933,5.9399999999999995,-0.023603116579964112,2.9301272294551155
594,-0.0049241410765905776,-0.0002137960310485648,5.95,-0.023652450619068396,2.930125104575852
595,-0.0049055173463522185,-0.00021641238905269157,5.96,-0.023701599008611622,2.9301229535339
596,-0.004886777658219098,-0.00021902892544226223,5.97,-0.02375056057946739,2.9301207763274757
597,-0.004867923934648137,-0.00022164564016975783,5.9799999999999995,-0.023799334181656168,2.9301185729547963
598,-0.004848958113477599,-0.00022426253318765866,5.99,-0.02384791868450001,2.930116343414078
599,-0.004829882147720678,-0.00022687960444844413,6.0,-0.023896312976775438,2.9301140877035383
600,-0.0048106980053574415,-0.00022949685390458727,6.01,-0.023944515966864095,2.930111805821395
601,-0.004791407669125218,-0.00023211428150855806,6.02,-0.023992526582901397,2.9301094977658666
602,-0.004772013136307408,-0.000234731887212828,6.03,-0.024040343772923058,2.9301071635351716
603,-0.004752516418520743,-0.00023734967096985453,6.04,-0.02408796650500942,2.930104803127529
604,-0.004732919541501021,-0.00023996763273210825,6.05,-0.024135393767427817,2.9301024165411587
605,-0.004713224544887322,-0.000242585772452038,6.06,-0.0241826245687726,2.930100003774281
606,-0.0046934334820047515,-0.00024520409008210254,6.07,-0.02422965793810317,2.9300975648251164
607,-0.0046735484196456945,-0.00024782258557475424,6.08,-0.024276492925079645,2.930095099691886
608,-0.004653571437849622,-0.0002504412588824362,6.09,-0.02432312860009651,2.9300926083728123
609,-0.004633504629681476,-0.00025306010995759993,6.1,-0.02436956405441397,2.9300900908661167
610,-0.004613350101008631,-0.00025567913875268347,6.11,-0.02441579840028706,2.930087547170021
611,-0.004593109970276475,-0.00025829834522012626,6.12,-0.02446183077109258,2.930084977282749
612,-0.0045727863682826116,-0.00026091772931236446,6.13,-0.024507660321453708,2.9300823812025243
613,-0.0045523814379497115,-0.0002635372909818278,6.14,-0.024553286227362442,2.9300797589275707
614,-0.004531897334097047,-0.0002661570301809445,6.15,-0.024598707686299667,2.930077110456113
615,-0.0045113362232107115,-0.00026877694686214726,6.16,-0.024643923917353004,2.9300744357863753
616,-0.004490700283212539,-0.0002713970409778504,6.17,-0.024688934161332273,2.930071734916585
617,-0.0044699917032277785,-0.0002740173124804754,6.18,-0.02473373768088274,2.930069007844965
618,-0.004449212683351522,-0.00027663776132243645,6.1899999999999995,-0.024778333760595992,2.9300662545697436
619,-0.0044283654344138895,-0.0002792583874561557,6.2,-0.024822721707118398,2.930063475089147
620,-0.004407452177744047,-0.00028187919083402834,6.21,-0.02486690084925736,2.9300606694014038
621,-0.004386475144933006,-0.00028450017140847447,6.22,-0.024910870538085026,2.9300578375047395
622,-0.004365436577595305,-0.00028712132913188537,6.2299999999999995,-0.02495463014703984,2.9300549793973847
623,-0.00434433872712953,-0.00028974266395666846,6.24,-0.024998179072025454,2.930052095077567
624,-0.00432318385447774,-0.000292364175835215,6.25,-0.025041516731507445,2.930049184543516
625,-0.004301974229883787,-0.000294985864719925,6.26,-0.025084642566607526,2.9300462477934603
626,-0.004280712132650586,-0.00029760773056318414,6.27,-0.02512755604119534,2.9300432848256315
627,-0.004259399850896329,-0.0003002297733173825,6.28,-0.02517025664197785,2.930040295638259
628,-0.004238039681309695,-0.0003028519929348969,6.29,-0.025212743878586238,2.930037280229575
629,-0.004216633928904033,-0.0003054743893681183,6.3,-0.025255017283660416,2.9300342385978113
630,-0.004195184906770607,-0.00030809696256941306,6.31,-0.025297076412931017,2.930031170741199
631,-0.004173694935830858,-0.00031071971249116534,6.32,-0.02533892084529897,2.9300280766579707
632,-0.004152166344587767,-0.00031334263908573657,6.33,-0.02538055018291248,2.9300249563463607
633,-0.004130601468876291,-0.00031596574230550436,6.34,-0.025421964051241704,2.9300218098046007
634,-0.004109002651612933,-0.00031858902210282563,6.35,-0.025463162099150734,2.9300186370309254
635,-0.004087372242544452,-0.0003212124784300616,6.36,-0.025504143998967218,2.93001543802357
636,-0.004065712597995747,-0.0003238361112395773,6.37,-0.025544909446549323,2.9300122127807686
637,-0.004044026080616922,-0.000326459920483722,6.38,-0.025585458161350355,2.9300089613007567
638,-0.00402231505912958,-0.0003290839061148499,6.39,-0.02562578988648066,2.9300056835817707
639,-0.004000581908072348,-0.0003317080680853076,6.4,-0.025665904388767095,2.930002379622047
640,-0.003978829007545684,-0.00033433240634744095,6.41,-0.02570580145880995,2.929999049419822
641,-0.003957058742955953,-0.00033695692085359294,6.42,-0.025745480911037236,2.9299956929733324
642,-0.0039352735047588315,-0.0003395816115561016,6.43,-0.025784942583756503,2.9299923102808174
643,-0.003913475688202055,-0.00034220647840730114,6.4399999999999995,-0.02582418633920404,2.9299889013405145
644,-0.0038916676930675163,-0.00034483152135953007,6.45,-0.02586321206359148,2.929985466150662
645,-0.0038698519234127817,-0.00034745674036510863,6.46,-0.02590201966714988,2.9299820047095
646,-0.003848030787311981,-0.00035008213537637194,6.47,-0.025940609084171166,2.929978517015268
647,-0.0038262066965961787,-0.0003527077063456343,6.4799999999999995,-0.025978980273047018,2.929975003066206
648,-0.0038043820665931843,-0.00035533345322522243,6.49,-0.026017133216305107,2.929971462860555
649,-0.003782559315866878,-0.0003579593759674485,6.5,-0.026055067920642796,2.929967896396555
650,-0.0037607408659560233,-0.00036058547452462767,6.51,-0.026092784416958194,2.9299643036724494
651,-0.0037389291411126513,-0.00036321174884907097,6.52,-0.026130282760378543,2.929960684686479
652,-0.003717126568039991,-0.0003658381988930848,6.53,-0.026167563030286112,2.9299570394368866
653,-0.003695335575630021,-0.00036846482460897007,6.54,-0.026204625330341336,2.9299533679219154
654,-0.003673558594700605,-0.0003710916259490315,6.55,-0.02624146978850346,2.929949670139809
655,-0.003651798057732307,-0.000373718602865564,6.56,-0.026278096557048398,2.9299459460888113
656,-0.003630056398604858,-0.00037634575531086186,6.57,-0.026314505812584113,2.9299421957671665
657,-0.0036083360523333375,-0.0003789730832372181,6.58,-0.02635069775606325,2.92993841917312
658,-0.00358663945480406,-0.0003816005865969155,6.59,-0.026386672612793184,2.9299346163049167
659,-0.003564969042510229,-0.00038422826534224624,6.6,-0.026422430632443414,2.929930787160803
660,-0.003543327252287359,-0.000386856119425484,6.61,-0.026457972089050284,2.929926931739026
661,-0.0035217165210485145,-0.0003894841487989138,6.62,-0.026493297281019124,2.9299230500378304
662,-0.003500139285519353,-0.00039211235341480525,6.63,-0.02652840653112367,2.9299191420554656
663,-0.0034785979819730536,-0.0003947407332254337,6.64,-0.02656330018650287,2.9299152077901782
664,-0.003457095045965106,-0.00039736928818306623,6.65,-0.026597978618655038,2.929911247240217
665,-0.0034356329120680375,-0.0003999980182399646,6.66,-0.026632442223429358,2.9299072604038305
666,-0.003414214013606031,-0.00040262692334840035,6.67,-0.026666691421014677,2.9299032472792685
667,-0.003392840782389557,-0.0004052560034606264,6.68,-0.02670072665592581,2.9298992078647803
668,-0.003371515648449964,-0.0004078852585289015,6.6899999999999995,-0.026734548396986958,2.9298951421586166
669,-0.0033502410397740863,-0.00041051468850547275,6.7,-0.02676815713731262,2.929891050159027
670,-0.0033290193820389204,-0.00041314429334259886,6.71,-0.026801553394285867,2.929886931864264
671,-0.0033078530983463358,-0.000415774072992518,6.72,-0.02683473770953386,2.9298827872725774
672,-0.0032867446089579165,-0.00041840402740747986,6.7299999999999995,-0.026867710648900815,2.929878616382221
673,-0.003265696331029901,-0.00042103415653971406,6.74,-0.026900472802418255,2.929874419191447
674,-0.0032447106783483,-0.000423664460341473,6.75,-0.026933024784272643,2.929870195698508
675,-0.0032237900610641575,-0.00042629493876497897,6.76,-0.026965367232770317,2.9298659459016583
676,-0.003202936885429057,-0.0004289255917624674,6.77,-0.026997500810299876,2.929861669799151
677,-0.003182153553530827,-0.0004315564192861631,6.78,-0.02702942620329185,2.9298573673892414
678,-0.00316144246302953,-0.0004341874212882927,6.79,-0.027061144122175675,2.929853038670184
679,-0.003140806006893721,-0.0004368185977210742,6.8,-0.027092655301334208,2.929848683640234
680,-0.003120246573137027,-0.0004394499485367282,6.81,-0.02712396049905539,2.9298443022976484
681,-0.003099766544555069,-0.0004420814736874674,6.82,-0.027155060497481478,2.9298398946406823
682,-0.0030793682984627535,-0.0004447131731255057,6.83,-0.02718595610255543,2.9298354606675927
683,-0.0030590542064319473,-0.00044734504680305105,6.84,-0.02721664814396493,2.929831000376639
684,-0.003038826634029589,-0.00044997709467230564,6.85,-0.027247137475083522,2.9298265137660766
685,-0.0030186879405562383,-0.00045260931668547914,6.86,-0.027277424972909338,2.929822000834165
686,-0.0029986404787851187,-0.00045524171279475876,6.87,-0.027307511538001088,2.9298174615791623
687,-0.0029786865947016346,-0.00045787428295235115,6.88,-0.027337398094411453,2.929812895999329
688,-0.002958828627243449,-0.00046050702711044114,6.89,-0.027367085589618007,2.9298083040929233
689,-0.0029390689080411015,-0.00046313994522122464,6.9,-0.02739657499445135,2.929803685858207
690,-0.0029194097611592203,-0.0004657730372368828,6.91,-0.02742586730302077,2.9297990412934394
691,-0.0028998535028383343,-0.0004684063031096014,6.92,-0.027454963532637298,2.9297943703968827
692,-0.0028804024412373373,-0.0004710397427915603,6.93,-0.027483864723734194,2.9297896731667983
693,-0.0028610588761766092,-0.00047367335623493877,6.9399999999999995,-0.0275125719397848,2.9297849496014474
694,-0.0028418250988818325,-0.0004763071433919031,6.95,-0.027541086267217924,2.9297801996990938
695,-0.0028227033917285374,-0.0004789411042146289,6.96,-0.02756940881533059,2.929775423458001
696,-0.0028036960279873686,-0.0004815752386552834,6.97,-0.027597540716198247,2.929770620876431
697,-0.002784805271570158,-0.000484209546666032,6.9799999999999995,-0.02762548312458249,2.929765791952649
698,-0.0027660333767767727,-0.00048684402819902987,6.99,-0.027653237217836163,2.9297609366849193
699,-0.0027473825880428076,-0.0004894786832064406,7.0,-0.027680804195806017,2.929756055071507
700,-0.002728855139688113,-0.0004921135116404189,7.01,-0.027708185280732767,2.9297511471106774
701,-0.0027104532556662246,-0.000494748513453113,7.02,-0.027735381717148733,2.9297462128006964
702,-0.0026921791493146807,-0.0004973836885966755,7.03,-0.027762394771772867,2.9297412521398303
703,-0.002674035023106293,-0.0005000190370232462,7.04,-0.027789225733403398,2.9297362651263468
704,-0.0026560230684013588,-0.0005026545586849733,7.05,-0.027815875912807927,2.9297312517585126
705,-0.0026381454652008706,-0.0005052902535339903,7.06,-0.02784234664261106,2.9297262120345953
706,-0.002620404381900739,-0.0005079261215224383,7.07,-0.027868639277179606,2.9297211459528643
707,-0.0026028019750470553,-0.0005105621626024441,7.08,-0.027894755192505248,2.929716053511588
708,-0.002585340389092413,-0.0005131983767261442,7.09,-0.027920695786084908,2.929710934709036
709,-0.0025680217561533337,-0.0005158347638456582,7.1,-0.027946462476798543,2.929705789543477
710,-0.002550848195768797,-0.0005184713239131151,7.11,-0.02797205670478458,2.9297006180131824
711,-0.0025338218146599323,-0.0005211080568806279,7.12,-0.027997479931312963,2.9296954201164223
712,-0.00251694470649086,-0.0005237449627003214,7.13,-0.028022733638655723,2.9296901958514687
713,-0.00250021895163075,-0.0005263820413243063,7.14,-0.028047819329955304,2.929684945216592
714,-0.002483646616917085,-0.0005290192927046939,7.15,-0.02807273852909035,2.9296796682100665
715,-0.00246722975542019,-0.0005316567167935899,7.16,-0.02809749278053926,2.9296743648301624
716,-0.002450970406209011,-0.0005342943135430984,7.17,-0.028122083649241292,2.929669035075155
717,-0.002434870594118217,-0.0005369320829053262,7.18,-0.02814651272045545,2.929663678943316
718,-0.0024189323295166097,-0.000539570024832362,7.1899999999999995,-0.028170781599616924,2.929658296432921
719,-0.0024031576080768943,-0.0005422081392763095,7.2,-0.028194891912191315,2.929652887542245
720,-0.0023875484105468207,-0.0005448464261892589,7.21,-0.028218845303526516,2.9296474522695606
721,-0.0023721067025217184,-0.000547484885523299,7.22,-0.028242643438702305,2.9296419906131463
722,-0.0023568344342184723,-0.0005501235172305102,7.2299999999999995,-0.02826628800237775,2.929636502571276
723,-0.002341733540250926,-0.0005527623212629812,7.24,-0.028289780698636222,2.929630988142227
724,-0.0023268059394067945,-0.0005554012975727861,7.25,-0.028313123250828295,2.9296254473242764
725,-0.002312053534426034,-0.0005580404461120068,7.26,-0.02833631740141238,2.9296198801157014
726,-0.0022974782117807712,-0.000560679766832713,7.27,-0.0283593649117931,2.9296142865147803
727,-0.0022830818414567603,-0.000563319259686976,7.28,-0.02838226756215759,2.929608666519791
728,-0.0022688662767364285,-0.0005659589246268621,7.29,-0.028405027151309464,2.929603020129013
729,-0.0022548333539835043,-0.0005685987616044348,7.3,-0.02842764549650078,2.9295973473407253
730,-0.0022409848924292712,-0.0005712387705717558,7.31,-0.028450124433261715,2.9295916481532074
731,-0.002227322693960476,-0.0005738789514808801,7.32,-0.028472465815228262,2.9295859225647405
732,-0.0022138485429088945,-0.0005765193042838656,7.33,-0.02849467151396763,2.929580170573605
733,-0.002200564205842592,-0.0005791598289327612,7.34,-0.028516743418801716,2.929574392178082
734,-0.002187471431358906,-0.0005818005253796168,7.35,-0.02853868343662844,2.9295685873764534
735,-0.0021745719498791577,-0.0005844413935764761,7.36,-0.028560493491740953,2.9295627561670017
736,-0.002161867473445141,-0.0005870824334753788,7.37,-0.028582175525644907,2.9295568985480096
737,-0.002149359695517378,-0.0005897236450283655,7.38,-0.02860373149687363,2.929551014517761
738,-0.0021370502907752,-0.0005923650281874786,7.39,-0.028625163380801323,2.929545104074537
739,-0.0021249409149186496,-0.0005950065829047394,7.4,-0.028646473169454224,2.9295391672166247
740,-0.0021130332044722424,-0.0005976483091321833,7.41,-0.028667662871319874,2.929533203942307
741,-0.002101328776590599,-0.000600290206821838,7.42,-0.02868873451115438,2.92952721424987
742,-0.0020898292288659775,-0.0006029322759257202,7.43,-0.028709690129787743,2.9295211981375995
743,-0.0020785361391377306,-0.0006055745163958571,7.4399999999999995,-0.02873053178392724,2.9295151556037804
744,-0.0020674510653036987,-0.0006082169281842648,7.45,-0.02875126154595905,2.9295090866467004
745,-0.0020565755451335717,-0.0006108595112429535,7.46,-0.028771881503747793,2.929502991264646
746,-0.002045911096084231,-0.0006135022655239336,7.47,-0.028792393760434392,2.929496869455905
747,-0.0020354592151171033,-0.0006161451909792164,7.4799999999999995,-0.028812800434232035,2.9294907212187655
748,-0.00202522137851754,-0.0006187882875608061,7.49,-0.02883310365822028,2.929484546551515
749,-0.0020151990417162473,-0.0006214315552207011,7.5,-0.028853305580137382,2.9294783454524436
750,-0.0020053936391127842,-0.0006240749939109047,7.51,-0.028873408362170956,2.92947211791984
751,-0.001995806583901145,-0.000626718603583406,7.52,-0.028893414180746656,2.9294658639519957
752,-0.001986439267897469,-0.000629362384190201,7.53,-0.0289133252263154,2.9294595835471995
753,-0.001977293061369864,-0.0006320063356832772,7.54,-0.02893314370313861,2.9294532767037422
754,-0.0019683693128703878,-0.0006346504580146225,7.55,-0.02895287182907199,2.9294469434199155
755,-0.001959669349069201,-0.0006372947511362185,7.56,-0.02897251183534746,2.9294405836940127
756,-0.0019511944745909074,-0.0006399392150000457,7.57,-0.02899206596635358,2.929434197524324
757,-0.0019429459718531081,-0.0006425838495580776,7.58,-0.029011536479414235,2.9294277849091435
758,-0.0019349251009071781,-0.0006452286547622903,7.59,-0.029030925644565785,2.9294213458467637
759,-0.0019271330992812958,-0.0006478736305646549,7.6,-0.029050235744332627,2.9294148803354796
760,-0.0019195711818257358,-0.0006505187769171371,7.61,-0.02906946907350118,2.9294083883735844
761,-0.0019122405405604533,-0.0006531640937717023,7.62,-0.029088627938892334,2.929401869959373
762,-0.0019051423445249566,-0.0006558095810803093,7.63,-0.029107714659132387,2.9293953250911406
763,-0.0018982777396305203,-0.0006584552387949214,7.64,-0.02912673156442256,2.929388753767183
764,-0.0018916478485147207,-0.000661101066867485,7.65,-0.029145680996306867,2.9293821559857967
765,-0.0018852537703983423,-0.0006637470652499605,7.66,-0.0291645653074388,2.9293755317452783
766,-0.0018790965809446455,-0.0006663932338942912,7.67,-0.02918338686134635,2.9293688810439247
767,-0.0018731773321210325,-0.0006690395727524273,7.68,-0.029202148032195775,2.9293622038800335
768,-0.0018674970520631236,-0.0006716860817763057,7.6899999999999995,-0.02922085120455397,2.9293555002519023
769,-0.0018620567449412527,-0.000674332760917872,7.7,-0.029239498773149495,2.9293487701578305
770,-0.0018568573908294072,-0.0006769796101290576,7.71,-0.0292580931426322,2.929342013596117
771,-0.0018518999455766215,-0.0006796266293617969,7.72,-0.029276636727331648,2.929335230565061
772,-0.0018471853406808554,-0.0006822738185680215,7.7299999999999995,-0.029295131951014308,2.9293284210629627
773,-0.001842714483165343,-0.0006849211776996593,7.74,-0.02931358124663928,2.9293215850881227
774,-0.0018384882554574647,-0.0006875687067086301,7.75,-0.029331987056113045,2.9293147226388427
775,-0.0018345075152701295,-0.0006902164055468572,7.76,-0.02935035183004292,2.9293078337134233
776,-0.0018307730954856879,-0.000692864274166262,7.77,-0.029368678027489235,2.9293009183101657
777,-0.0018272858040424076,-0.000695512312518753,7.78,-0.02938696811571655,2.929293976427374
778,-0.0018240464238235008,-0.0006981605205562487,7.79,-0.029405224569943624,2.92928700806335
779,-0.0018210557125487364,-0.0007008088982306522,7.8,-0.029423449873092318,2.929280013216397
780,-0.0018183144026686375,-0.0007034574454938705,7.81,-0.029441646515535397,2.9292729918848197
781,-0.001815823201261295,-0.0007061061622978071,7.82,-0.029459816994843426,2.929265944066922
782,-0.0018135827899317901,-0.0007087550485943594,7.83,-0.029477963815530396,2.9292588697610094
783,-0.0018115938247142528,-0.0007114041043354267,7.84,-0.02949608948879861,2.929251768965386
784,-0.001809856935976568,-0.0007140533294728991,7.85,-0.02951419653228247,2.9292446416783577
785,-0.0018083727283277342,-0.0007167027239586715,7.86,-0.02953228746979131,2.9292374878982312
786,-0.0018071417805278949,-0.0007193522877446225,7.87,-0.029550364831051414,2.9292303076233144
787,-0.0018061646454010513,-0.0007220020207826469,7.88,-0.029568431151447007,2.9292231008519125
788,-0.0018054418497504702,-0.0007246519230246164,7.89,-0.02958648897176059,2.929215867582334
789,-0.0018049738942767914,-0.0007273019944224117,7.9,-0.02960454083791218,2.929208607812888
790,-0.0018047612534988617,-0.0007299522349279112,7.91,-0.029622589300698027,2.9292013215418824
791,-0.0018048043756772817,-0.0007326026444929813,7.92,-0.029640636915528276,2.9291940087676265
792,-0.0018051036827407057,-0.0007352532230694923,7.93,-0.029658686242164112,2.929186669488429
793,-0.0018056595702148782,-0.000737903970609315,7.94,-0.029676739844454063,2.9291793037026013
794,-0.0018064724071544334,-0.0007405548870643042,7.95,-0.029694800290069583,2.9291719114084542
795,-0.0018075425360774653,-0.0007432059723863251,7.96,-0.029712870150240062,2.929164492604297
796,-0.0018088702729028637,-0.0007458572265272266,7.97,-0.0297309519994871,2.9291570472884434
797,-0.0018104559068904567,-0.0007485086494388713,7.9799999999999995,-0.029749048415358293,2.929149575459204
798,-0.0018122997005839267,-0.0007511602410731047,7.99,-0.02976716197816024,2.9291420771148924
799,-0.0018144018897565445,-0.0007538120013817721,8.0,-0.02978529527069121,2.9291345522538204
800,-0.0018167626833597151,-0.0007564639303167225,8.01,-0.02980345087797313,2.9291270008743027
801,-0.0018193822634743363,-0.0007591160278297927,8.02,-0.029821631386983107,2.929119422974652
802,-0.0018222607852649915,-0.0007617682938728225,8.03,-0.029839839386384525,2.929111818553184
803,-0.0018253983769369764,-0.0007644207283976452,8.04,-0.02985807746625767,2.929104187608213
804,-0.0018287951396961698,-0.0007670733313560989,8.05,-0.029876348217829893,2.9290965301380547
805,-0.0018324511477117473,-0.0007697261027000016,8.06,-0.029894654233205458,2.929088846141025
806,-0.0018363664480817614,-0.0007723790423811874,8.07,-0.029912998105094984,2.9290811356154394
807,-0.0018405410608015778,-0.0007750321503514758,8.08,-0.029931382426544605,2.9290733985596162
808,-0.0018449749787351722,-0.0007776854265626879,8.09,-0.029949809790664753,2.929065634971872
809,-0.0018496681675893199,-0.0007803388709666402,8.1,-0.029968282790358736,2.929057844850524
810,-0.0018546205658906414,-0.0007829924835151463,8.11,-0.029986804018051046,2.9290500281938914
811,-0.0018598320849655525,-0.0007856462641600138,8.12,-0.030005376065415475,2.9290421850002937
812,-0.0018653026089230891,-0.0007883002128530551,8.13,-0.030024001523102993,2.9290343152680487
813,-0.001871031994640626,-0.0007909543295460716,8.14,-0.030042682980469505,2.929026418995477
814,-0.001877020071752501,-0.0007936086141908634,8.15,-0.03006142302530348,2.9290184961808983
815,-0.0018832666426415335,-0.0007962630667392289,8.16,-0.0300802242435535,2.9290105468226333
816,-0.0018897714824334447,-0.0007989176871429676,8.17,-0.03009908921905569,2.9290025709190033
817,-0.0018965343389941887,-0.000801572475353866,8.18,-0.0301180205332611,2.9289945684683305
818,-0.0019035549329301964,-0.0008042274313237144,8.19,-0.03013702076496318,2.928986539468937
819,-0.0019108329575915231,-0.0008068825550043041,8.2,-0.03015609249002515,2.9289784839191455
820,-0.0019183680790779182,-0.0008095378463474135,8.209999999999999,-0.030175238281107457,2.9289704018172786
821,-0.0019261599362478093,-0.0008121933053048243,8.22,-0.030194460707395343,2.9289622931616597
822,-0.0019342081407301985,-0.0008148489318283111,8.23,-0.03021376233432648,2.9289541579506135
823,-0.001942512276939489,-0.0008175047258696503,8.24,-0.03023314572331873,2.9289459961824647
824,-0.0019510719020932254,-0.00082016068738061,8.25,-0.0302526134314981,2.928937807855538
825,-0.0019598865462327466,-0.0008228168163129609,8.26,-0.030272168011426903,2.928929592968159
826,-0.0019689557122467764,-0.0008254731126184679,8.27,-0.030291812010832017,2.928921351518653
827,-0.0019782788758979214,-0.0008281295762488884,8.28,-0.03031154797233364,2.928913083505349
828,-0.0019878554858520922,-0.000830786207155986,8.29,-0.03033137843317399,2.9289047889265714
829,-0.0019976849637108555,-0.0008334430052915154,8.3,-0.03035130592494668,2.9288964677806484
830,-0.0020077667040466767,-0.0008360999706072262,8.31,-0.030371332973326136,2.9288881200659085
831,-0.0020181000744411183,-0.000838757103054872,8.32,-0.030391462097797483,2.9288797457806792
832,-0.002028684415525923,-0.0008414144025861961,8.33,-0.030411695811386915,2.92887134492329
833,-0.002039519041027024,-0.0008440718691529469,8.34,-0.030432036620392375,2.9288629174920704
834,-0.002050603237811462,-0.0008467295027068595,8.35,-0.03045248702411472,2.9288544634853504
835,-0.002061936265937219,-0.0008493873031996696,8.36,-0.030473049514589387,2.92884598290146
836,-0.002073517358705947,-0.0008520452705831193,8.37,-0.030493726576318568,2.92883747573873
837,-0.0020853457227186065,-0.000854703404808934,8.38,-0.030514520686003938,2.928828941995492
838,-0.0020974205379339977,-0.0008573617058288457,8.39,-0.030535434312279904,2.9288203816700777
839,-0.002109740957730203,-0.000860020173594576,8.4,-0.03055646991544751,2.92881179476082
840,-0.0021223061089688964,-0.0008626788080578491,8.41,-0.030577629947208914,2.9288031812660504
841,-0.002135115092062559,-0.0008653376091703874,8.42,-0.030598916850402655,2.928794541184103
842,-0.0021481669810445663,-0.0008679965768839028,8.43,-0.03062033305873939,2.928785874513312
843,-0.0021614608236421536,-0.0008706557111501085,8.44,-0.030641880996538508,2.9287771812520105
844,-0.00217499564135226,-0.0008733150119207167,8.45,-0.030663563078465506,2.928768461398534
845,-0.0021887704295202198,-0.0008759744791474345,8.459999999999999,-0.03068538170926998,2.9287597149512172
846,-0.002202784157421337,-0.0008786341127819659,8.47,-0.030707339283524582,2.9287509419083957
847,-0.002217035768345284,-0.0008812939127760115,8.48,-0.030729438185364697,2.928742142268407
848,-0.0022315241796833788,-0.0008839538790812683,8.49,-0.03075168078822907,2.928733316029586
849,-0.002246248283018677,-0.000886614011649434,8.5,-0.030774069454601215,2.928724463190271
850,-0.0022612069442188975,-0.0008892743104321984,8.51,-0.03079660653575184,2.9287155837487995
851,-0.002276399003532185,-0.0008919347753812514,8.52,-0.030819294371482137,2.928706677703509
852,-0.002291823275685677,-0.0008945954064482784,8.53,-0.030842135289868105,2.9286977450527383
853,-0.0023074785499868815,-0.0008972562035849637,8.54,-0.03086513160700582,2.9286887857948263
854,-0.0023233635904278565,-0.0008999171667429873,8.55,-0.030888285626757783,2.928679799928113
855,-0.0023394771357921683,-0.0009025782958740245,8.56,-0.03091159964050025,2.928670787450938
856,-0.002355817899764653,-0.0009052395909297513,8.57,-0.030935075926871763,2.9286617483616415
857,-0.0023723845710439243,-0.0009079010518618388,8.58,-0.030958716751522657,2.9286526826585666
858,-0.0023891758134576583,-0.0009105626786219522,8.59,-0.030982524366865834,2.928643590340052
859,-0.002406190266080624,-0.0009132244711617581,8.6,-0.031006501011828582,2.9286344714044414
860,-0.0024234265433554537,-0.000915886429432919,8.61,-0.031030648911605677,2.9286253258500765
861,-0.002440883235216147,-0.0009185485533870928,8.62,-0.03105497027741368,2.9286161536753004
862,-0.002458558907214293,-0.0009212108429759358,8.63,-0.031079467306246486,2.9286069548784566
863,-0.002476452100647988,-0.000923873298151101,8.64,-0.031104142180632108,2.9285977294578887
864,-0.0024945613326934736,-0.0009265359188642367,8.65,-0.03112899706839082,2.9285884774119415
865,-0.002512885096539438,-0.0009291987050669926,8.66,-0.031154034122394623,2.9285791987389604
866,-0.0025314218615239944,-0.0009318616567110104,8.67,-0.03117925548032803,2.928569893437289
867,-0.0025501700732743168,-0.0009345247737479326,8.68,-0.031204663264450278,2.9285605615052748
868,-0.0025691281538489288,-0.0009371880561293987,8.69,-0.03123025958135887,2.9285512029412626
869,-0.0025882945018826167,-0.0009398515038070378,8.7,-0.0312560465217547,2.9285418177436005
870,-0.002607667492733971,-0.0009425151167324871,8.71,-0.03128202616020848,2.9285324059106355
871,-0.0026272454786355095,-0.0009451788948573699,8.72,-0.031308200554928764,2.9285229674407156
872,-0.0026470267888464376,-0.0009478428381333173,8.73,-0.03133457174753143,2.9285135023321884
873,-0.00266700972980794,-0.0009505069465119524,8.74,-0.03136114176281072,2.928504010583403
874,-0.002687192585301053,-0.0009531712199448935,8.75,-0.031387912608511856,2.928494492192708
875,-0.002707573616607095,-0.0009558356583837548,8.76,-0.03141488627510526,2.928484947158454
876,-0.0027281510626706047,-0.0009585002617801535,8.77,-0.031442064735562325,2.9284753754789903
877,-0.002748923140264821,-0.0009611650300857001,8.78,-0.03146944994513289,2.928465777152668
878,-0.002769888044159647,-0.0009638299632520008,8.79,-0.031497043841124374,2.9284561521778394
879,-0.002791043947292109,-0.0009664950612306626,8.8,-0.03152484834268262,2.9284465005528535
880,-0.0028123890009392628,-0.0009691603239732872,8.81,-0.031552865350574326,2.928436822276065
881,-0.002833921334893595,-0.0009718257514314702,8.82,-0.03158109674697145,2.9284271173458256
882,-0.002855639057640814,-0.0009744913435568092,8.83,-0.03160954439523719,2.9284173857604876
883,-0.0028775402565400805,-0.0009771571003009012,8.84,-0.03163821013971378,2.9284076275184057
884,-0.002899622998006637,-0.0009798230216153331,8.85,-0.03166709580551219,2.9283978426179327
885,-0.0029218853276968167,-0.0009824891074516862,8.86,-0.0316962031983036,2.9283880310574246
886,-0.002944325270695416,-0.000985155357761556,8.87,-0.031725534104112746,2.9283781928352353
887,-0.0029669408317054245,-0.000987821772496514,8.88,-0.03175509028911313,2.928368327949722
888,-0.002989729995240048,-0.0009904883516081424,8.89,-0.03178487349942417,2.9283584363992383
889,-0.0030126907258170967,-0.0009931550950480158,8.9,-0.03181488546091026,2.928348518182142
890,-0.003035820968155612,-0.000995822002767705,8.91,-0.03184512787898189,2.9283385732967893
891,-0.00305911864737479,-0.00099848907471878,8.92,-0.03187560243839848,2.9283286017415384
892,-0.003082581669195144,-0.0010011563108528066,8.93,-0.03190631080307352,2.9283186035147475
893,-0.0031062079201419077,-0.001003823711121348,8.94,-0.03193725461588157,2.9283085786147742
894,-0.003129995267750642,-0.0010064912754759643,8.95,-0.03196843549846732,2.9282985270399786
895,-0.0031539415607750388,-0.00100915900386821,8.96,-0.03199985505105671,2.9282884487887184
896,-0.003178044629396871,-0.0010118268962496437,8.97,-0.03203151485227019,2.9282783438593545
897,-0.0032023022854381408,-0.001014494952571816,8.98,-0.03206341645893805,2.9282682122502472
898,-0.0032267123225753038,-0.0010171631727862711,8.99,-0.03209556140591793,2.9282580539597567
899,-0.003251272516555624,-0.0010198315568445593,9.0,-0.032127951205914336,2.928247868986245
900,-0.0032759806254156164,-0.0010225001046982182,9.01,-0.03216058734930057,2.9282376573280735
901,-0.003300834389701545,-0.0010251688162987874,9.02,-0.03219347130394266,2.928227418983605
902,-0.0033258315326919526,-0.0010278376915978063,9.03,-0.032226604515025514,2.928217153951202
903,-0.0033509697606222354,-0.001030506730546807,9.04,-0.032259988404881486,2.928206862229228
904,-0.0033762467629111902,-0.0010331759330973209,9.05,-0.032293624372821,2.928196543816046
905,-0.0034016602123895295,-0.0010358452992008738,9.06,-0.032327513794965505,2.92818619871002
906,-0.0034272077655303837,-0.001038514828808987,9.07,-0.03236165802408279,2.928175826909517
907,-0.003452887062681688,-0.001041184521873189,9.08,-0.032396058389424574,2.9281654284128993
908,-0.0034786957283004932,-0.001043854378344991,9.09,-0.032430716196566386,2.9281550032185346
909,-0.0035046313711891578,-0.0010465243981759148,9.1,-0.032465632727249866,2.928144551324789
910,-0.0035306915847333814,-0.0010491945813174688,9.11,-0.032500809239227386,2.928134072730027
911,-0.0035568739471420864,-0.001051864927721165,9.12,-0.03253624696610907,2.928123567432618
912,-0.003583176021689103,-0.0010545354373385075,9.13,-0.03257194711721232,2.9281130354309286
913,-0.003609595356956612,-0.0010572061101210024,9.14,-0.03260791087741354,2.928102476723327
914,-0.0036361294870803935,-0.001059876946020148,9.15,-0.032644139407002545,2.928091891308182
915,-0.0036627759319967654,-0.0010625479449874427,9.16,-0.03268063384153933,2.928081279183863
916,-0.003689532197691249,-0.001065219106974383,9.17,-0.03271739529171326,2.928070640348739
917,-0.003716395776448911,-0.0010678904319324594,9.18,-0.032754424843204864,2.9280599748011804
918,-0.0037433641471063656,-0.0010705619198131597,9.19,-0.03279172355655004,2.928049282539557
919,-0.0037704347753054063,-0.0010732335705679725,9.2,-0.032829292467006894,2.9280385635622412
920,-0.0037976051137482442,-0.0010759053841483772,9.21,-0.03286713258442505,2.928027817867603
921,-0.0038248726024543017,-0.0010785773605058568,9.22,-0.03290524489311746,2.9280170454540158
922,-0.0038522346690186148,-0.0010812494995918844,9.23,-0.032943630351735004,2.9280062463198506
923,-0.003879688728871699,-0.001083921801357939,9.24,-0.032982289893143446,2.9279954204634815
924,-0.0039072321855409455,-0.0010865942657554888,9.25,-0.033021224424303115,2.9279845678832808
925,-0.003934862430913488,-0.0010892668927360032,9.26,-0.03306043482615121,2.927973688577625
926,-0.003962576845500504,-0.001091939682250945,9.27,-0.03309992195348667,2.927962782544885
927,-0.003990372798702946,-0.001094612634251779,9.28,-0.03313968663485781,2.927951849783438
928,-0.004018247649078649,-0.0010972857486899622,9.29,-0.03317972967245248,2.927940890291658
929,-0.004046198744610821,-0.001099959025516951,9.3,-0.033220051841991054,2.927929904067923
930,-0.004074223422977825,-0.0011026324646842046,9.31,-0.033260653892621936,2.9279188911106067
931,-0.004102319011824336,-0.001105306066143166,9.32,-0.03330153654681995,2.9279078514180883
932,-0.004130482829033709,-0.0011079798298452856,9.33,-0.03334270050028734,2.9278967849887434
933,-0.004158712183001638,-0.0011106537557420057,9.34,-0.03338414642185751,2.9278856918209506
934,-0.004187004372911022,-0.0011133278437847715,9.35,-0.03342587495340151,2.927874571913088
935,-0.004215356689008019,-0.0011160020939250206,9.36,-0.03346788670973731,2.9278634252635345
936,-0.004243766412879282,-0.0011186765061141873,9.37,-0.033510182278541835,2.927852251870669
937,-0.004272230817730321,-0.0011213510803037069,9.38,-0.033552762220265736,2.927841051732872
938,-0.004300747168664946,-0.0011240258164450054,9.39,-0.03359562706805094,2.9278298248485233
939,-0.004329312722965846,-0.0011267007144895134,9.4,-0.0336387773276511,2.9278185712160036
940,-0.00435792473037616,-0.0011293757743886517,9.41,-0.03368221347735476,2.927807290833694
941,-0.004386580433382092,-0.0011320509960938442,9.42,-0.03372593596791138,2.9277959836999767
942,-0.00441527706749651,-0.0011347263795565084,9.43,-0.03376994522246017,2.927784649813233
943,-0.004444011861543503,-0.0011374019247280562,9.44,-0.033814241636461795,2.927773289171846
944,-0.00447278203794387,-0.0011400776315599053,9.45,-0.0338588255776329,2.9277619017741996
945,-0.004501584813001512,-0.0011427535000034573,9.46,-0.033903697385883516,2.9277504876186766
946,-0.004530417397190664,-0.0011454295300101268,9.47,-0.03394885737325733,2.9277390467036604
947,-0.004559276995444024,-0.00114810572153131,9.48,-0.033994305823874804,2.9277275790275383
948,-0.004588160807441631,-0.001150782074518413,9.49,-0.034040042993879235,2.9277160845886923
949,-0.004617066027900552,-0.0011534585889228298,9.5,-0.03408606911138568,2.9277045633855097
950,-0.004645989846865316,-0.0011561352646959555,9.51,-0.034132384376432755,2.9276930154163754
951,-0.004674929449999052,-0.0011588121017891853,9.52,-0.03417898896093734,2.9276814406796774
952,-0.004703882018875324,-0.0011614891001539029,9.53,-0.034225883008652286,2.9276698391738023
953,-0.004732844731270615,-0.0011641662597414984,9.54,-0.03427306663512696,2.9276582108971367
954,-0.004761814761457448,-0.001166843580503348,9.55,-0.03432053992767071,2.92764655584807
955,-0.004790789280498064,-0.0011695210623908392,9.56,-0.034368302945319285,2.9276348740249905
956,-0.0048197654565387245,-0.001172198705355346,9.57,-0.03441635571880428,2.9276231654262856
957,-0.004848740455104486,-0.0011748765093482418,9.58,-0.0344646982505254,2.927611430050346
958,-0.0048777114393945,-0.0011775544743208987,9.59,-0.03451333051452568,2.9275996678955623
959,-0.004906675570577782,-0.0011802326002246847,9.6,-0.034562252456469794,2.927587878960323
960,-0.004935630008089413,-0.0011829108870109652,9.61,-0.03461146399362516,2.927576063243021
961,-0.004964571909927143,-0.0011855893346311007,9.62,-0.034660965014846126,2.9275642207420467
962,-0.004993498432948387,-0.0011882679430364554,9.63,-0.03471075538056107,2.927552351455793
963,-0.005022406733167517,-0.0011909467121783797,9.64,-0.03476083492276249,2.9275404553826507
964,-0.005051293966053532,-0.0011936256420082307,9.65,-0.034811203445000015,2.9275285325210136
965,-0.005080157286827952,-0.0011963047324773585,9.66,-0.03486186072237651,2.927516582869275
966,-0.0051089938507629775,-0.0011989839835371125,9.67,-0.03491280650154706,2.9275046064258285
967,-0.0051378008134798665,-0.0012016633951388357,9.68,-0.034964040500720966,2.927492603189069
968,-0.005166575331247494,-0.0012043429672338698,9.69,-0.03501556240966673,2.927480573157391
969,-0.005195314561281055,-0.0012070226997735543,9.7,-0.03506737188972,2.92746851632919
970,-0.005224015662040901,-0.0012097025927092278,9.71,-0.035119468573794596,2.9274564327028605
971,-0.005252675793531436,-0.0012123826459922195,9.72,-0.035171852066396385,2.927444322276801
972,-0.005281292117600111,-0.0012150628595738642,9.73,-0.035224521943640244,2.9274321850494065
973,-0.0053098617982364005,-0.0012177432334054823,9.74,-0.03527747775327001,2.927420021019075
974,-0.005338382001870789,-0.0012204237674384054,9.75,-0.03533071901468133,2.9274078301842046
975,-0.005366849897673716,-0.0012231044616239522,9.76,-0.035384245218947646,2.9273956125431924
976,-0.005395262657854435,-0.0012257853159134404,9.77,-0.03543805582884902,2.927383368094438
977,-0.005423617457959787,-0.0012284663302581885,9.78,-0.03549215027890408,2.9273710968363416
978,-0.005451911477172824,-0.0012311475046095086,9.79,-0.03554652797540481,2.9273587987672998
979,-0.0054801418986112575,-0.001233828838918706,9.8,-0.03560118829645448,2.9273464738857156
980,-0.005508305909625704,-0.001236510333137093,9.81,-0.03565613059200846,2.927334122189988
981,-0.005536400702097726,-0.0012391919872159717,9.82,-0.035711354183917986,2.9273217436785197
982,-0.00556442347273756,-0.0012418738011066453,9.83,-0.03576685836597706,2.9273093383497106
983,-0.005592371423381582,-0.0012445557747604108,9.84,-0.03582264240397215,2.9272969062019647
984,-0.0056202417612894184,-0.0012472379081285617,9.85,-0.03587870553573494,2.9272844472336836
985,-0.005648031699440716,-0.0012499202011623926,9.86,-0.03593504697119808,2.9272719614432705
986,-0.005675738456831488,-0.0012526026538131946,9.87,-0.035991665892453846,2.9272594488291284
987,-0.005703359258770068,-0.00125528526603225,9.88,-0.036048561453815804,2.9272469093896625
988,-0.005730891337172554,-0.0012579680377708489,9.89,-0.03610573278188337,2.927234343123276
989,-0.0057583319308578285,-0.0012606509689802655,9.9,-0.036163178975609396,2.927221750028375
990,-0.005785678285841997,-0.001263334059611782,9.91,-0.036220899106370684,2.927209130103365
991,-0.005812927655632289,-0.0012660173096166753,9.92,-0.0362788922180414,2.9271964833466515
992,-0.005840077301520379,-0.0012687007189462116,9.93,-0.03633715732706942,2.9271838097566416
993,-0.005867124492875085,-0.0012713842875516652,9.94,-0.036395693422555754,2.9271711093317423
994,-0.005894066507434406,-0.0012740680153843001,9.95,-0.03645449946633664,2.92715838207036
995,-0.005920900631596891,-0.0012767519023953804,9.96,-0.03651357439306879,2.9271456279709036
996,-0.0059476241607122615,-0.0012794359485361702,9.97,-0.0365729171103174,2.9271328470317814
997,-0.005974234399371343,-0.0012821201537579203,9.98,-0.03663252649864713,2.9271200392514025
998,-0.00600072866169516,-0.0012848045180118908,9.99,-0.03669240141171595,2.9271072046281765
