,r,t,x,y
0,2.999916668287045,0.01,2.999850001249996,0.01999966666833333
1,2.999666692593103,0.02,2.999400019999733,0.03999733338666616
2,2.999250131255813,0.03,2.9986501012469624,0.05999100040499132
3,2.9986670815141427,0.04,2.9976003199829337,0.07997866837326832
4,2.9979176795227493,0.05,2.996250781184899,0.09995833854135666
5,2.997002100372081,0.060000000000000005,2.9946016198056125,0.1199280129588892
6,2.995920558114249,0.06999999999999999,2.9926530007598386,0.1398856946750655
7,2.9946733057946515,0.08,2.990405118907858,0.1598293879383454
8,2.993260635489383,0.09,2.987858199035983,0.17975709839602208
9,2.9916828783484233,0.09999999999999999,2.9850124958340776,0.19966683329365628
10,2.989940404644633,0.11,2.9818682938700904,0.21955660167434962
11,2.9880336238285667,0.12,2.978425907561599,0.23942441457783872
12,2.985962984589106,0.13,2.974685681144364,0.2592682852393897
13,2.9837289749199623,0.14,2.9706479886379116,0.279086229288473
14,2.981332122192027,0.15000000000000002,2.9663132338081266,0.2988762649471985
15,2.9787729932316265,0.16,2.961681850126881,0.31863641322849195
16,2.9760521944046725,0.17,2.956754300728682,0.33836469813399206
17,2.9731703717067473,0.18000000000000002,2.9515310783643645,0.3580591468516484
18,2.970128210859133,0.19,2.946012705351811,0.37771778995300115
19,2.966926437410812,0.2,2.940199733523725,0.39733866159012243
20,2.963565816846451,0.21000000000000002,2.9340927441724447,0.41691979969219917
21,2.960047154700396,0.22,2.9276923479918167,0.43645924616173865
22,2.95637129667669,0.23,2.9209991850161248,0.4559550470703768
23,2.952539128775131,0.24000000000000002,2.9140139245560888,0.4754052528542692
24,2.948551577423385,0.25,2.9067372651319343,0.4948079185090459
25,2.9444096096151644,0.26,2.8991699344035395,0.5141611037843102
26,2.940114233054485,0.27,2.8913126890976715,0.5334628733776623
27,2.9356664963059993,0.28,2.883166314932313,0.5527112971282275
28,2.931067488951417,0.29000000000000004,2.8747316265380913,0.5719044502096712
29,2.9263183417520033,0.3,2.866009467376818,0.5910404133226791
30,2.9214202268171445,0.31,2.8570007096571404,0.610117272886887
31,2.916374357778975,0.32,2.8477062542473224,0.6291331212322355
32,2.9111819899730444,0.33,2.838127030585161,0.6480860567897367
33,2.905844420624979,0.34,2.8282639965850387,0.6669741842816288
34,2.9003629890431335,0.35000000000000003,2.8181181385421366,0.6857956149109028
35,2.8947390768171553,0.36000000000000004,2.8076904710338044,0.70454846655018
36,2.888974108022426,0.37,2.7969820368181035,0.723230863929924
37,2.8830695494303056,0.38,2.785993906729531,0.7418409388259654
38,2.877026910724106,0.39,2.774727179571939,0.7603768302463229
39,2.8708477447206975,0.4,2.7631829820086553,0.778836684617301
40,2.864533647597639,0.41000000000000003,2.7513624684498152,0.7972186559688459
41,2.8580862591257232,0.42000000000000004,2.739266820936925,0.8155209061191404
42,2.8515072629067824,0.43,2.7268972490246552,0.8337416048584215
43,2.8447983866166067,0.44,2.71425498965989,0.8518789301319992
44,2.837961402252797,0.45,2.7013413070580308,0.8699310682224605
45,2.8309981263873443,0.46,2.6881574925765754,0.8878962139310396
46,2.8239104204237333,0.47000000000000003,2.674704864585987,0.9057725707581367
47,2.8167001908582923,0.48000000000000004,2.6609847683378525,0.9235583510829658
48,2.809369389545551,0.49,2.6469985758303642,0.941251776342316
49,2.8019200139672704,0.5,2.6327476856711183,0.958851077208406
50,2.794354107504832,0.51,2.618233522937254,0.976354493765815
51,2.786673759714607,0.52,2.6034575390329495,0.9937602756874735
52,2.7788811066059154,0.53,2.588421211544283,1.0110666824096939
53,2.770978330921112,0.54,2.5731260440914725,1.0282719833062264
54,2.7629676624173403,0.55,2.557573566178517,1.0453744578613184
55,2.754851378149424,0.56,2.5417653330402485,1.0623723958417668
56,2.7466318027533094,0.5700000000000001,2.525702925486806,1.0792640974679386
57,2.7383113087294664,0.5800000000000001,2.5093879497455607,1.0960478735837473
58,2.7298923167255524,0.59,2.4928220373004906,1.1127220458255676
59,2.7213772958176317,0.6,2.476006844729035,1.1292849467900707
60,2.7127687637891507,0.61,2.458944053536438,1.1457349202009626
61,2.704069287406841,0.62,2.4416353699876017,1.1620703210746102
62,2.6952814826926192,0.63,2.4240825249364555,1.178289515884539
63,2.6864080151905236,0.64,2.406287273652878,1.1943908827247842
64,2.677451600227625,0.65,2.388251395647168,1.210372811472079
65,2.6684150031677856,0.66,2.3699766944920952,1.2262337039468676
66,2.6593010396570653,0.67,2.3514649976425477,1.2419719740731194
67,2.650112575859476,0.68,2.332718156252784,1.2575860480369372
68,2.6408525286817106,0.6900000000000001,2.31373804499132,1.273074364443936
69,2.6315238659853732,0.7000000000000001,2.2945265618534654,1.2884353744753823
70,2.622129606785144,0.7100000000000001,2.2750856279715244,1.3036675420430734
71,2.6126728214312185,0.72,2.255417187422685,1.3187693439429462
72,2.603156631774234,0.73,2.2355232070346114,1.3337392700073958
73,2.593584211310821,0.74,2.2154056761887637,1.34857582325629
74,2.5839587853077797,0.75,2.1950666066214626,1.3632775200466682
75,2.57428363090277,0.76,2.1745080322227155,1.3778428902211026
76,2.564562077179292,0.77,2.15373200883283,1.3922704772547134
77,2.5547975052136067,0.78,2.132740614036832,1.4065588384008203
78,2.5449933480911064,0.79,2.111535946956708,1.4207065448352156
79,2.5351530908895383,0.8,2.0901201280414963,1.4347121817990456
80,2.5252802706263267,0.81,2.068495298855241,1.4485743487402851
81,2.515378476167124,0.8200000000000001,2.0466636218628405,1.4622916594537918
82,2.5054513480925653,0.8300000000000001,2.0246272802138012,1.4758627422199255
83,2.495502578520071,0.8400000000000001,2.0023884775239242,1.4892862399417188
84,2.485535910877408,0.85,1.9799494376549465,1.5025608102805854
85,2.4755551396245634,0.86,1.9573124044921557,1.515685125790554
86,2.465564109920346,0.87,1.9344796417200036,1.5286578740510102
87,2.4555667172300164,0.88,1.9114534325957406,1.5414777577979386
88,2.4455669068700696,0.89,1.8882360797210906,1.5541434950536477
89,2.4355686734861903,0.9,1.8648299048119932,1.5666538192549668
90,2.4255760604602603,0.91,1.8412372484664346,1.579007479379901
91,2.415593159242166,0.92,1.8174604699303885,1.591203240072732
92,2.4056241086020584,0.93,1.7935019468618947,1.6032398817675544
93,2.395673093798571,0.9400000000000001,1.7693640750932946,1.6151162008102287
94,2.385744345658445,0.9500000000000001,1.7450492683916505,1.6268310095787475
95,2.375842139562886,0.9600000000000001,1.7205599582173696,1.6383831366019965
96,2.365970794335928,0.97,1.695898593481063,1.6497714266769001
97,2.3561346710299933,0.98,1.671067640298652,1.660994740983941
98,2.346338171603831,0.99,1.6460695817447626,1.672051957201041
99,2.336585737487958,1.0,1.6209069176044193,1.682941969615793
100,2.326881848032738,1.01,1.5955821641230665,1.6936636892360304
101,2.3172310188342724,1.02,1.5700978537549486,1.704216043898726
102,2.3076377999332984,1.03,1.544456534909866,1.7145979783772067
103,2.2981067738823846,1.04,1.5186607716983351,1.7248084544866769
104,2.2886425536768202,1.05,1.4927131436751808,1.734846451188034
105,2.279249780544737,1.06,1.4666162455815825,1.7447109646899726
106,2.2699331215921807,1.07,1.4403726870856022,1.7544010085493633
107,2.260697267299067,1.08,1.4139850925212198,1.763915613769895
108,2.251546928862223,1.09,1.3874561006259023,1.7732538288989745
109,2.2424868353820133,1.1,1.360788364276732,1.7824147201228708
110,2.233521730889399,1.11,1.3339845502251204,1.7913973713600952
111,2.2246563712106866,1.12,1.3070473388301362,1.8002008843530102
112,2.2158955206676585,1.1300000000000001,1.2799794237904716,1.808824378757652
113,2.2072439486112847,1.1400000000000001,1.2527835118750739,1.8172669922317666
114,2.1987064257877718,1.1500000000000001,1.2254623226524715,1.8255278805210422
115,2.190287720536304,1.1600000000000001,1.1980185882188192,1.833606217543534
116,2.181992594818494,1.17,1.1704550529246909,1.8415011954722713
117,2.173825800080287,1.18,1.1427744731006455,1.8492120248160406
118,2.1657920729478115,1.19,1.114979616781599,1.8567379344983332
119,2.1578961307595153,1.2,1.0870732634300209,1.8640781719344526
120,2.1501426669377715,1.21,1.0590582036579912,1.8712320031067717
121,2.1425363462040883,1.22,1.030937238948141,1.8781987126381352
122,2.1350817996429945,1.23,1.0027131813735077,1.884977603863395
123,2.127783619620701,1.24,0.9743888533163287,1.891567998899078
124,2.12064635456567,1.25,0.945967087185806,1.8979692387111724
125,2.113674503619295,1.26,0.917450725134868,1.9041806831810315
126,2.1068725111660043,1.27,0.8888426187759562,1.9102017111693845
127,2.100244761253193,1.28,0.8601456288958665,1.9160317205784498
128,2.09379557191254,1.29,0.8313626251696727,1.9216701284121454
129,2.087529189395356,1.3,0.802496485873762,1.927116370834386
130,2.0814497823357385,1.31,0.773550097598009,1.932369903225468
131,2.0755614358564034,1.32,0.7445263549571187,1.9374302002365305
132,2.069868145633103,1.33,0.7154281603011694,1.9422967558420892
133,2.0643738119345705,1.34,0.6862584234253781,1.9469690833906388
134,2.0590822336558943,1.35,0.6570200612791245,1.9514467156533182
135,2.0539971023640966,1.36,0.6277159976742578,1.9557292048706325
136,2.0491219963755327,1.37,0.5983491629927186,1.9598161227972284
137,2.044460374885429,1.3800000000000001,0.5689224938935027,1.9637070607447196
138,2.040015572170505,1.3900000000000001,0.5394389330189981,1.9674016296225532
139,2.0357907918861295,1.4000000000000001,0.5099014287007224,1.9708994599769205
140,2.031789101479834,1.4100000000000001,0.4803129346644931,1.9742002020277007
141,2.0280134267432586,1.42,0.4506764097350575,1.9773035257034395
142,2.0244665465246934,1.43,0.4209948175402102,1.9802091206743555
143,2.0211510876243426,1.44,0.3912711262144366,1.9829166963833729
144,2.0180695198942042,1.45,0.3615083081020999,1.985425982075177
145,2.0152241515641114,1.46,0.33170933946020875,1.9877367268232897
146,2.012617124814924,1.47,0.3018772001607952,1.9898486995551619
147,2.0102504116191553,1.48,0.27201487339292907,1.99176168907528
148,2.008125809868472,1.49,0.2421253453644019,1.9934755040862868
149,2.0062449398064253,1.5,0.2122116050031087,1.994989973208109
150,2.0046092407836387,1.51,0.1822766436581577,1.9963049449950963
151,2.003219968351292,1.52,0.15232345480073756,1.997420287951166
152,2.0020781917072776,1.53,0.1223550337247731,1.998335890542952
153,2.001184791507805,1.54,0.09237437724739836,1.9990516612109581
154,2.000540458055473,1.55,0.06238448340927728,1.999567528378714
155,2.000145689873035,1.56,0.032388351174802175,1.9998834404599326
156,2.000000792670131,1.57,0.00238898013219979,1.9999993658636692
157,2.000105878708301,1.58,-0.027610629806425008,1.9999152929974802
158,2.000460866567551,1.59,-0.057607478705077944,1.9996312302685817
159,2.001065481315671,1.6,-0.08759856690386644,1.9991472060830102
160,2.0019192550794305,1.61,-0.11758089531896312,1.998463268842781
161,2.00302152801472,1.62,-0.14755146574251166,1.997579486941048
162,2.004371449670636,1.6300000000000001,-0.17750728114244507,1.996495948755265
163,2.0059679807405493,1.6400000000000001,-0.2074453459621865,1.9952127626383473
164,2.0078098951912353,1.6500000000000001,-0.23736266642020226,1.9937300569078378
165,2.0098957827593233,1.6600000000000001,-0.26725625080937754,1.9920479798330735
166,2.0122240518025705,1.6700000000000002,-0.2971231097961847,1.9901666996203604
167,2.014792932491817,1.68,-0.3269602567196134,1.988086404396152
168,2.0176004803280168,1.69,-0.35676470788983666,1.985807302188237
169,2.0206445799673296,1.7,-0.3865334828865739,1.9833296209049371
170,2.023922949336079,1.71,-0.41626360485713265,1.980653608312316
171,2.0274331440163036,1.72,-0.445952100814091,1.977779532009403
172,2.031172561881747,1.73,-0.47559600193259327,1.9747076794014329
173,2.0351384479633836,1.74,-0.505192343847231,1.971438357671107
174,2.039327899523029,1.75,-0.5347381669484763,1.9679718937478738
175,2.043737871313171,1.76,-0.5642305166786403,1.964308634275237
176,2.0483651810009347,1.77,-0.593666443827327,1.960448945576091
177,2.0532065147339997,1.78,-0.6230430048263514,1.9563932136160893
178,2.058258432826385,1.79,-0.6523572620440939,1.9521418439650484
179,2.0635173755422156,1.8,-0.6816062840792614,1.9476952617563903
180,2.0689796689559627,1.81,-0.710787146054024,1.9430539116446306
181,2.0746415308681194,1.82,-0.7398969299065021,1.9382182577609126
182,2.0804990767558844,1.83,-0.7689327246825681,1.933188783666595
183,2.086548325739125,1.84,-0.7978916268269411,1.9279659923048962
184,2.0927852065427017,1.85,-0.8267707404735388,1.9225504059505998
185,2.0992055634371063,1.86,-0.8555671777350626,1.9169425661578283
186,2.1058051621403204,1.87,-0.8842780589917831,1.911143033705888
187,2.1125796956648095,1.8800000000000001,-0.9129005131795003,1.9051523885431907
188,2.1195247900946272,1.8900000000000001,-0.9414316780766474,1.898971229729261
189,2.1266360102786654,1.9000000000000001,-0.9698687005905107,1.892600175374829
190,2.133908865427228,1.9100000000000001,-0.9982087370425361,1.886039862580021
191,2.1413388146002044,1.9200000000000002,-1.026448953452695,1.8792909473706498
192,2.148921272076239,1.93,-1.0545865258228795,1.8723541046326122
193,2.156651612593433,1.94,-1.0826186404193014,1.865230028044401
194,2.1645251764531754,1.95,-1.1105424940538606,1.8579194300077386
195,2.1725372744798244,1.96,-1.1383552943644635,1.8504230415763365
196,2.180683192829965,1.97,-1.166054260094256,1.8427416123827909
197,2.188958197646008,1.98,-1.193636621369748,1.8348759105636196
198,2.1973575395498615,1.99,-1.2210996199777966,1.8268267226824504
199,2.205876457973331,2.0,-1.2484405096414273,1.8185948536513634
200,2.214510185322784,2.01,-1.2756565562944566,1.810181126650402
201,2.22325395097645,2.02,-1.3027450383549015,1.8015863830452545
202,2.2321029851135035,2.03,-1.3297032469971268,1.79281148230312
203,2.241052522374793,2.04,-1.3565284864227358,1.7838573019067592
204,2.2500978053557645,2.05,-1.3832180741301383,1.774724737266751
205,2.2592340879327275,2.0599999999999996,-1.4097693411828054,1.7654147016319484
206,2.2684566384241847,2.07,-1.4361796324761593,1.7559281259981563
207,2.277760742589448,2.0799999999999996,-1.462446307003077,1.7462659590150333
208,2.2871417064672244,2.09,-1.4885667381179966,1.7364291668912253
209,2.296594859057263,2.0999999999999996,-1.5145383137995714,1.7264187332977479
210,2.306115554848504,2.11,-1.5403584369118783,1.7162356592696177
211,2.3156991761974903,2.1199999999999997,-1.566024525464121,1.7058809631057528
212,2.3253411355610667,2.13,-1.5915340128688342,1.6953556802671397
213,2.335036877587613,2.1399999999999997,-1.6168843481985335,1.6846608632732918
214,2.3447818810712566,2.15,-1.642072996440813,1.6737975815969954
215,2.354571660773632,2.1599999999999997,-1.6670974387518371,1.6627669215573668
216,2.3644017691178996,2.17,-1.6919551727082303,1.651569986211216
217,2.374267797759804,2.1799999999999997,-1.7166437125573093,1.6402078952427488
218,2.384165379040597,2.19,-1.7411605894656659,1.628681784851592
219,2.394090187326691,2.1999999999999997,-1.7655033517660366,1.6169928076391806
220,2.4040379402409178,2.21,-1.7896695652024794,1.6051421324934945
221,2.4140043997902114,2.2199999999999998,-1.8136568131737878,1.5931309444721735
222,2.423985373394541,2.23,-1.8374626969751553,1.5809604446840095
223,2.4339767148218265,2.2399999999999998,-1.8610848360380383,1.5686318501688403
224,2.4439743250335204,2.25,-1.8845208681682175,1.5561463937758424
225,2.453974152945431,2.26,-1.907768449782007,1.5435053240402519
226,2.4639721961082923,2.27,-1.9308252561406216,1.5307099050585071
227,2.47396450131244,2.28,-1.9536889815826366,1.517761416361844
228,2.4839471651208838,2.29,-1.9763573397545633,1.5046611527883413
229,2.493916334334888,2.3,-1.9988280638394724,1.4914104243534405
230,2.5038682063960995,2.31,-2.0210989067836826,1.4780105561189416
231,2.51379902972908,2.32,-2.0431676415214577,1.4644628880605028
232,2.5237051040279908,2.3299999999999996,-2.065032061197714,1.4507687749336398
233,2.533582780491036,2.34,-2.0866899793887064,1.4369295861382525
234,2.5434284620061107,2.3499999999999996,-2.1081392303206608,1.4229467055816893
235,2.553238603290999,2.36,-2.1293776690863613,1.4088215315403525
236,2.563009710991265,2.3699999999999997,-2.1504031718596277,1.3945554765198762
237,2.572738343738918,2.38,-2.171213636107706,1.3801499671138728
238,2.582421112174714,2.3899999999999997,-2.191806980801511,1.36560644386128
239,2.5920546789368886,2.4,-2.2121811466237364,1.350926361102302
240,2.6016357586189307,2.4099999999999997,-2.232334096174777,1.3361111868329827
241,2.6111611176989142,2.42,-2.252263814176473,1.3211624025584014
242,2.620627574442743,2.4299999999999997,-2.2719683076736303,1.3060815031445303
243,2.63003199878358,2.44,-2.291445606233322,1.2908699966687414
244,2.6393713121795574,2.4499999999999997,-2.3106937621419217,1.275529404269008
245,2.648642487451807,2.46,-2.329710850599879,1.2600612599917844
246,2.6578425486046924,2.4699999999999998,-2.3484949699141953,1.24446711063861
247,2.6669685706300337,2.48,-2.3670442416885935,1.2287485156114235
248,2.676017679297007,2.4899999999999998,-2.385356811011352,1.21290704675663
249,2.684987050929309,2.5,-2.403430846640801,1.196944288207913
250,2.6938739121710595,2.51,-2.421264541188438,1.180861836227826
251,2.7026755397428497,2.52,-2.43885611129967,1.1646612990481637
252,2.711389260189225,2.53,-2.4562037978321447,1.1483442967091453
253,2.7200124496188383,2.54,-2.4733058660316667,1.1319124608974056
254,2.7285425334384015,2.55,-2.4901606057056664,1.115367434782834
255,2.736976986081506,2.56,-2.506766331394223,1.0987108728542532
256,2.7453133307332975,2.57,-2.523121382538604,1.081944440753977
257,2.7535491390519304,2.5799999999999996,-2.539224123647326,1.065069815111243
258,2.7616820308876524,2.59,-2.555072944459697,1.0480886833745522
259,2.7697096740003166,2.5999999999999996,-2.570666260106841,1.031002743642929
260,2.7776297837760615,2.61,-2.5860025112701903,1.0138137044961069
261,2.78544012294382,2.6199999999999997,-2.6010801643374064,0.9965232848236779
262,2.79313850129231,2.63,-2.61589771155575,0.979133213653199
263,2.8007227753880586,2.6399999999999997,-2.6304536711828437,0.9616452299772973
264,2.8081908482950197,2.65,-2.6447465876348577,0.9440610825797653
265,2.8155406692962424,2.6599999999999997,-2.6587750316320555,0.9263825298606911
266,2.8227702336180647,2.67,-2.6725376003417294,0.9086113396606129
267,2.829877582157222,2.6799999999999997,-2.6860329175184754,0.8907492890837431
268,2.8368608012112606,2.69,-2.699259633641824,0.8727981643202526
269,2.843718022212572,2.6999999999999997,-2.712216426051183,0.8547597604676603
270,2.850447421466388,2.71,-2.7249019990781105,0.836635881351318
271,2.85704721989298,2.7199999999999998,-2.7373150841758735,0.8184283393440355
272,2.863515682774348,2.73,-2.749454440046308,0.800138955184839
273,2.8698511195055985,2.7399999999999998,-2.7613188527639414,0.7817695577969053
274,2.8760518833512285,2.75,-2.7729071358973907,0.7633219841046633
275,2.882116371206492,2.76,-2.784218130627998,0.7447980788501114
276,2.8880430233640126,2.77,-2.7952507058657163,0.7261996944083366
277,2.8938303232857776,2.78,-2.806003758362216,0.7075286906022862
278,2.8994767973806446,2.79,-2.8164762128212084,0.68878693451678
279,2.9049810147874675,2.8,-2.8266670220059744,0.6699763003118102
280,2.910341587163931,2.81,-2.8365751668440877,0.65109866903512
281,2.915557168481183,2.82,-2.846199656529321,0.6321559284341076
282,2.9206264548243266,2.8299999999999996,-2.855539528620727,0.6131499727670466
283,2.9255481841988273,2.84,-2.8645938491388794,0.5940827026136648
284,2.9303211363428923,2.8499999999999996,-2.8733617126592708,0.5749560246850897
285,2.9349441325458465,2.86,-2.8818422424028567,0.5557718516331736
286,2.9394160354725454,2.8699999999999997,-2.8900345903237294,0.5365321018592367
287,2.9437357489938387,2.88,-2.897937937193924,0.5172386993222217
288,2.947902218023108,2.8899999999999997,-2.9055514926853396,0.497893573346306
289,2.9519144283588745,2.9,-2.9128744954487718,0.47849865842796485
290,2.955771406533499,2.9099999999999997,-2.9199062131900457,0.4590558940425293
291,2.959472219667959,2.92,-2.9266459427432476,0.4395672244502339
292,2.9630159753327,2.9299999999999997,-2.9330930101410395,0.42003459850179914
293,2.966401821414556,2.94,-2.9392467706820526,0.40045996944354106
294,2.9696289459897325,2.9499999999999997,-2.945106608995362,0.380845294722055
295,2.9726965772028215,2.96,-2.950671939102019,0.36119253578846583
296,2.975603983151857,2.9699999999999998,-2.955942204473651,0.34150365790229154
297,2.9783504717793643,2.98,-2.9609168780881125,0.3217806299349115
298,2.9809353907694205,2.9899999999999998,-2.965595462482188,0.3020254241726886
299,2.983358127450661,3.0,-2.9699774898013365,0.2822400161197344
300,2.9856181087052636,3.01,-2.9740625218464776,0.26242638430036846
301,2.9877148008838414,3.02,-2.977850150117811,0.2425865100612595
302,2.9896477097262615,3.03,-2.9813399958556666,0.22272237737330003
303,2.9914163802883453,3.04,-2.9845317100783784,0.20283597263320371
304,2.9930203968744453,3.05,-2.9874249736171836,0.1829292844648744
305,2.9944593829758706,3.06,-2.9900194971481397,0.16300430352053824
306,2.995733001215151,3.07,-2.9923150212210556,0.1430630222816874
307,2.9968409532961195,3.08,-2.994311316285437,0.1231074348598263
308,2.9977829799597915,3.09,-2.9960081827134406,0.10313953679706928
309,2.998558860946045,3.0999999999999996,-2.9974054508198384,0.08316132486658187
310,2.999168414961068,3.11,-2.9985029808789836,0.06317479687290779
311,2.999611499650576,3.1199999999999997,-2.999300663138785,0.04318195145219281
312,2.9998880115787894,3.13,-2.9997984178316814,0.02318478787231655
313,2.999997886213161,3.1399999999999997,-2.9999961951826184,0.0031853058329745446
314,2.999941097914847,3.15,-2.999893975414026,-0.016814494734297237
315,2.99971765993492,3.1599999999999997,-2.999491768747795,-0.03681261386610673
316,2.999327624416329,3.17,-2.9987896154042577,-0.05680705176720758
317,2.998771082401595,3.1799999999999997,-2.9977875855981626,-0.07679580901046987
318,2.9980481638462564,3.19,-2.996485779531656,-0.0967768867368283
319,2.9971590376380566,3.1999999999999997,-2.994884327384259,-0.11674828685515928
320,2.9961039116218946,3.21,-2.9929833892998525,-0.13670801224209556
321,2.9948830326305353,3.2199999999999998,-2.9907831553706608,-0.1566540669417297
322,2.993496686521091,3.23,-2.9882838456182426,-0.1765844563652152
323,2.9919451982172975,3.2399999999999998,-2.985485709971491,-0.1964971874902165
324,2.990228931757577,3.25,-2.9823890282416388,-0.21639026906021674
325,2.9883482903489234,3.26,-2.9789941100942783,-0.23626171178363475
326,2.986303716426615,3.27,-2.975301295018395,-0.25610952853275937
327,2.98409569171977,3.28,-2.9713109522924195,-0.2759317345424537
328,2.9817247373227747,3.29,-2.9670234809472986,-0.29572634760863703
329,2.9791914137725897,3.3,-2.9624393097265944,-0.3154913882864964
330,2.9764963211319646,3.31,-2.9575588970436093,-0.33522488008843665
331,2.9736400990785703,3.32,-2.9523827309355433,-0.3549248496817203
332,2.9706234270000893,3.33,-2.946911329014695,-0.37458932708580633
333,2.9674470240952546,3.34,-2.9411452384166967,-0.3942163458693397
334,2.964111649480886,3.3499999999999996,-2.9350850357458023,-0.41380394334679865
335,2.9606181023049247,3.36,-2.9287313270172297,-0.43335016077475924
336,2.9569672218654883,3.3699999999999997,-2.9220847475965566,-0.45285304354776545
337,2.9531598877359704,3.38,-2.9151459621361866,-0.472310641393794
338,2.949197019896182,3.3899999999999997,-2.9079156645088826,-0.4917210085692732
339,2.9450795788695703,3.4,-2.9003945777383833,-0.5110822040536624
340,2.940808565866501,3.4099999999999997,-2.8925834539270974,-0.530392291743546
341,2.9363850229336292,3.42,-2.8844830741808964,-0.549649340646248
342,2.9318100331093464,3.4299999999999997,-2.8760942485310057,-0.5688514250729242
343,2.9270847205853117,3.44,-2.867417815852999,-0.5879966248311352
344,2.922210250874053,3.4499999999999997,-2.8584546437829146,-0.6070830254168578
345,2.9171878309826305,3.46,-2.8492056286304885,-0.6261087182059404
346,2.9120187095923407,3.4699999999999998,-2.83967169528953,-0.6450718006449572
347,2.90670417724443,3.48,-2.8298537971454274,-0.6639703764414682
348,2.90124556653179,3.4899999999999998,-2.819752915979814,-0.6828025557536411
349,2.895644252296587,3.5,-2.809370061872389,-0.7015664553792397
350,2.8899016518337697,3.51,-2.798706273099911,-0.7202601989439363
351,2.8840192251003964,3.52,-2.78776261603237,-0.7388819170889542
352,2.8779984749306995,3.53,-2.7765401850263536,-0.7574297476579952
353,2.871840947256802,3.54,-2.76504010231561,-0.7759018358834606
354,2.8655482313349774,3.55,-2.753263517898828,-0.7942963345719196
355,2.8591219599773394,3.56,-2.741211609424634,-0.8126114042888336
356,2.8525638097888213,3.57,-2.7288855820738336,-0.8308452135424917
357,2.8458755014092896,3.58,-2.716286668438889,-0.8489959389671652
358,2.8390587997606263,3.59,-2.703416128400666,-0.8670617655054355
359,2.8321155142985672,3.5999999999999996,-2.6902752490024415,-0.8850408865897041
360,2.8250474992691013,3.61,-2.676865344321205,-0.9029315043228463
361,2.8178566539691654,3.6199999999999997,-2.663187755336251,-0.9207318296579958
362,2.810544923011377,3.63,-2.649243849795078,-0.9384400825774543
363,2.803114296592507,3.6399999999999997,-2.6350350220766225,-0.956054492270685
364,2.7955668107653526,3.65,-2.6205626930518138,-0.9735732973113987
365,2.787904547713664,3.6599999999999997,-2.6058283099414954,-0.9909947458336891
366,2.78012963602971,3.67,-2.5908333461716984,-1.008317095707223
367,2.7722442509940675,3.6799999999999997,-2.5755793012263055,-1.025538614711447
368,2.7642506148571364,3.69,-2.5600677004970986,-1.042657580708813
369,2.756150997121888,3.6999999999999997,-2.544300095131225,-1.059672281816986
370,2.747947714827262,3.71,-2.5282780618760805,-1.0765810165800354
371,2.7396431328316164,3.7199999999999998,-2.512003202921641,-1.0933820941385737
372,2.731239664095555,3.73,-2.495477145740237,-1.1100738343988477
373,2.722739769963429,3.7399999999999998,-2.478701542923817,-1.1266545682007394
374,2.7141459604427256,3.75,-2.461678072018682,-1.1431226374846875
375,2.7054607944805165,3.76,-2.4444084353577376,-1.1594763954574856
376,2.696686880236061,3.77,-2.4268943598902566,-1.1757142067569655
377,2.6878268753486037,3.78,-2.4091375970091926,-1.1918344476155278
378,2.678883487199313,3.79,-2.391139922376035,-1.2078355060225212
379,2.6698594731662637,3.8,-2.3729031357432504,-1.2237157818854378
380,2.660757640871254,3.81,-2.3544290607743035,-1.2394736871899266
381,2.651580848417188,3.82,-2.3357195448612975,-1.2551076461585866
382,2.6423320046146563,3.83,-2.316776458940231,-1.2706160954085512
383,2.6330140691962614,3.84,-2.297601697303912,-1.2859974841078177
384,2.623630053017129,3.8499999999999996,-2.2781971774125243,-1.301250274130334
385,2.6141830182399675,3.86,-2.258564839701886,-1.3163729402098099
386,2.6046760785029095,3.8699999999999997,-2.2387066473894093,-1.3313639700922377
387,2.5951123990682765,3.88,-2.2186245862777754,-1.3462218646871233
388,2.5854951969503004,3.8899999999999997,-2.1983206645563627,-1.3609451382173874
389,2.5758277410196952,3.9,-2.177796912600421,-1.3755323183679475
390,2.566113352082894,3.9099999999999997,-2.157055382768044,-1.3899819464329433
391,2.5563554029335944,3.92,-2.1360981491949302,-1.4042925774616108
392,2.546557318374171,3.9299999999999997,-2.114927307586974,-1.4184627804027716
393,2.536722575204352,3.94,-2.0935449750106914,-1.432491138247941
394,2.526854702174456,3.9499999999999997,-2.0719532896815234,-1.4463762481730236
395,2.5169572799003115,3.96,-2.0501544107500087,-1.460116721678599
396,2.5070339407368767,3.9699999999999998,-2.0281505180858765,-1.473711184728766
397,2.4970883686074177,3.98,-2.0059438120600537,-1.4871582778885493
398,2.487124298784986,3.9899999999999998,-1.983536513324641,-1.5004566564598374
399,2.477145517622747,4.0,-1.960930862590836,-1.5136049906158564
400,2.467155862229644,4.01,-1.9381291204048763,-1.5266019655341467
401,2.4571592200876675,4.02,-1.9151335669219787,-1.5394462815280476
402,2.4471595286069086,4.03,-1.891946501678326,-1.5521366541766646
403,2.437160774614439,4.04,-1.8685702433611244,-1.5646718144533056
404,2.427166993772889,4.05,-1.8450071295767234,-1.57705050885239
405,2.4171822699245293,4.06,-1.8212595166168655,-1.5892714995147936
406,2.4072107343564895,4.07,-1.797329779223055,-1.6013335643516353
407,2.3972565649826723,4.08,-1.7732203103490942,-1.613235497166481
408,2.3873239854377917,4.09,-1.7489335209217773,-1.6249761077759686
409,2.3774172640789026,4.1,-1.7244718395998075,-1.6365542221288205
410,2.3675407128896895,4.109999999999999,-1.699837712530933,-1.6479686824232505
411,2.357698686282726,4.12,-1.67503360310733,-1.6592183472227418
412,2.3478955797948773,4.13,-1.6500619917192754,-1.670302091570187
413,2.33813582867098,4.14,-1.6249253755070958,-1.681218807100389
414,2.328423906330944,4.1499999999999995,-1.5996262681114652,-1.6919674021508921
415,2.3187643227154204,4.16,-1.574167199422039,-1.702546801871149
416,2.30916162250525,4.17,-1.5485507153244744,-1.7129559483300023
417,2.2996203832099376,4.18,-1.5227793774458318,-1.723193800621481
418,2.2901452131205593,4.1899999999999995,-1.4968557628984234,-1.7332593349688876
419,2.2807407491225926,4.2,-1.4707824640220983,-1.7431515448271764
420,2.271411654364371,4.21,-1.4445620881250214,-1.7528694409836028
421,2.2621626157770454,4.22,-1.4181972572229296,-1.7624120516566506
422,2.252998341442226,4.2299999999999995,-1.3916906077769429,-1.7717784225932045
423,2.2439235578037375,4.24,-1.3650447904299141,-1.780967617163977
424,2.2349430067202927,4.25,-1.3382624697413785,-1.789978716457167
425,2.2260614423562504,4.26,-1.3113463239210836,-1.7988108193703554
426,2.2172836279081016,4.27,-1.2842990445611815,-1.8074630427006106
427,2.2086143321647858,4.28,-1.2571233363670666,-1.8159345212328108
428,2.2000583259005015,4.29,-1.2298219168869169,-1.8242244078261607
429,2.1916203780992656,4.3,-1.2023975162399263,-1.8323318734989098
430,2.1833052520111433,4.31,-1.1748528768433066,-1.8402561075112474
431,2.1751177010407488,4.32,-1.1471907531380408,-1.8479963174463758
432,2.167062464469418,4.33,-1.119413911313453,-1.855551729289751
433,2.159144263013219,4.34,-1.0915251290305752,-1.862921587506485
434,2.151367794219878,4.35,-1.0635271951443959,-1.8701051551168981
435,2.1437377277085807,4.36,-1.0354229094249692,-1.8771017137702157
436,2.136258700257581,4.37,-1.0072150822774524,-1.883910563816402
437,2.1289353107455358,4.38,-0.9789065344610506,-1.8905310243761266
438,2.1217721149535502,4.39,-0.9505000968069555,-1.8969624334088513
439,2.1147736202359493,4.3999999999999995,-0.9219986099352606,-1.9032041477790316
440,2.107944280068913,4.41,-0.8934049239708992,-1.9092555433204328
441,2.1012884884872203,4.42,-0.8647218982586448,-1.9151160148985422
442,2.0948105744204435,4.43,-0.8359524010771637,-1.9207849764710867
443,2.0885147959410983,4.4399999999999995,-0.8070993093521998,-1.926261861146633
444,2.0824053344383313,4.45,-0.7781655083688783,-1.9315461212412777
445,2.076486288731842,4.46,-0.7491538914831919,-1.9366372283334143
446,2.0707616691417843,4.47,-0.7200673598326498,-1.9415346733165766
447,2.06523539153144,4.4799999999999995,-0.6909088220461785,-1.9462379664503473
448,2.059911271340401,4.49,-0.6616811939532556,-1.950746637409333
449,2.054793017626911,4.5,-0.6323873982923391,-1.955060235330194
450,2.0498842271388575,4.51,-0.6030303644185812,-1.9591783288567337
451,2.045188378433613,4.52,-0.5736130280109049,-1.9631005061830307
452,2.040708826067597,4.53,-0.5441383307784342,-1.9668263750946215
453,2.036448794876922,4.54,-0.5146092201663354,-1.970355563007719
454,2.0324113743709025,4.55,-0.4850286490610595,-1.973687717006473
455,2.028599513260467,4.56,-0.4553995754950667,-1.976822503878261
456,2.025016014143644,4.57,-0.42572496235102014,-1.9797596101470079
457,2.0216635283702447,4.58,-0.39600777706551077,-1.982498742104534
458,2.0185445511077056,4.59,-0.36625099133230027,-1.9850396258399263
459,2.0156614166296856,4.6,-0.33645758080516464,-1.9873820072669288
460,2.0130162938485183,4.61,-0.30663052480032615,-1.9895256521493512
461,2.0106111821119224,4.62,-0.276772805998535,-1.9914703461244907
462,2.0084479072835473,4.63,-0.2468874101467871,-1.993215894724571
463,2.006528118125914,4.64,-0.21697732575976345,-1.9947621233961865
464,2.0048532830031456,4.6499999999999995,-0.18704554382097763,-1.9961088775177587
465,2.00342468691957,4.66,-0.1570950574836778,-1.9972560224149978
466,2.0022434289088116,4.67,-0.1271288617715444,-1.9982034433743696
467,2.001310419786405,4.68,-0.0971499532791742,-1.998951045654568
468,2.0006263802772475,4.6899999999999995,-0.06716132987243409,-1.999498754495988
469,2.0001918395273948,4.7,-0.03716599038867168,-1.9998465151282017
470,2.0000071340078027,4.71,-0.007166934336844616,-1.999994292775436
471,2.0000724068156344,4.72,0.022832838402443708,-1.999942072660049
472,2.000387607376739,4.7299999999999995,0.05283032787691909,-1.9996898600040087
473,2.0009524915508297,4.74,0.08282253436263456,-1.9992376800283709
474,2.001766622138818,4.75,0.11280645866392966,-1.998585577950756
475,2.002829369789699,4.76,0.14277910241336345,-1.9977336189808284
476,2.00413991430231,4.77,0.17273746837153808,-1.9966818883137751
477,2.0056972463153135,4.78,0.2026785607268256,-1.9954304911217866
478,2.0075001693767884,4.79,0.23259938539493608,-1.993979552543539
479,2.0095473023829724,4.8,0.2624969503183392,-1.9923292176716814
480,2.0118370823739267,4.81,0.29236826576545716,-1.9904796515383254
481,2.0143677676722445,4.82,0.3222103446296407,-1.9884310390985427
482,2.017137441349411,4.83,0.3520202027278664,-1.9861835852118708
483,2.020144015003022,4.84,0.38179485909916844,-1.9837375146218252
484,2.02338523282684,4.85,0.4115313363027219,-1.9810930719334265
485,2.0268586759545792,4.86,0.44122666071558936,-1.9782505215887396
486,2.03056176705739,4.87,0.47087786283007027,-1.9752101478404307
487,2.0344917751742524,4.88,0.500481977550665,-1.9719722547233407
488,2.0386458207538993,4.89,0.5300360444905717,-1.9685371660240831
489,2.0430208808864667,4.8999999999999995,0.5595371082677246,-1.9649052252486652
490,2.0476137947028,4.91,0.5889822188003327,-1.9610767955881379
491,2.0524212689192467,4.92,0.618368431601875,-1.957052259882277
492,2.0574398835058214,4.93,0.6476928080755624,-1.9528320205812995
493,2.062666097455822,4.9399999999999995,0.6769524158081845,-1.9484164997056186
494,2.0680962546353103,4.95,0.7061443288633535,-1.9438061388036416
495,2.0737265896913404,4.96,0.7352656280740852,-1.9390013989076176
496,2.0795532339984124,4.97,0.7643134013347288,-1.934002760487532
497,2.085572221623288,4.9799999999999995,0.7932847438921646,-1.9288107234030614
498,2.091779495289127,4.99,0.8221767586362823,-1.9234258068535868
499,2.0981709123207453,5.0,0.8509865563896788,-1.917848549326277
500,2.1047422505537585,5.01,0.8797112561965894,-1.9120795085422362
501,2.1114892141913475,5.02,0.9083479856109706,-1.9061192614007354
502,2.1184074395934513,5.03,0.9368938809837474,-1.8999684039215217
503,2.1254925009842647,5.04,0.9653460877491655,-1.8936275511852179
504,2.132739916065023,5.05,0.9937017607102611,-1.8870973372718132
505,2.1401451515201755,5.06,1.0219580643233677,-1.8803784151972573
506,2.1477036284061755,5.07,1.0501121729816734,-1.8734714568481579
507,2.155410727413226,5.08,1.078161271297769,-1.8663771529145952
508,2.1632617939914334,5.09,1.1061025543851997,-1.8590962128210502
509,2.1712521433338874,5.1,1.1339332281389407,-1.851629364655465
510,2.1793770652102533,5.11,1.1616505095148115,-1.8439773550964325
511,2.1876318286454723,5.12,1.1892516268077675,-1.836140949338534
512,2.1960116864391552,5.13,1.216733819929082,-1.828120931015814
513,2.2045118795221663,5.14,1.2440943406823455,-1.8199181021234212
514,2.21312764114782,5.1499999999999995,1.2713304530382823,-1.8115332829374098
515,2.2218542009159092,5.16,1.2984394334083562,-1.8029673119327096
516,2.2306867886286064,5.17,1.3254185709171162,-1.7942210456992849
517,2.2396206379779895,5.18,1.3522651676732962,-1.7852953588564693
518,2.2486509900656255,5.1899999999999995,1.378976539039593,-1.7761911439655094
519,2.25777309675528,5.2,1.4055500139011312,-1.7669093114403063
520,2.266982223860376,5.21,1.431982934932565,-1.7574507894563798
521,2.2762736541683593,5.22,1.4582726588638204,-1.7478165238580448
522,2.285642690304577,5.2299999999999995,1.4844165567444128,-1.738007478063833
523,2.295084657438692,5.24,1.5104120142063426,-1.7280246329701487
524,2.3045949058370367,5.25,1.5362564317255223,-1.717868986853184
525,2.3141688132646103,5.26,1.5619472248817383,-1.7075415552690867
526,2.3238017872407073,5.27,1.5874818246170848,-1.697043370952409
527,2.333489267152387,5.28,1.612857677492869,-1.6863754837128335
528,2.343226726230202,5.29,1.638072245944945,-1.6755389603301956
529,2.3530096733907464,5.3,1.6631230085374824,-1.6645348844478025
530,2.362833654950699,5.31,1.6880074602150974,-1.6533643564640725
531,2.3726942562171423,5.32,1.7127231125533608,-1.642028493422494
532,2.3825871029589702,5.33,1.7372674940076314,-1.6305284288999269
533,2.3925078627642677,5.34,1.7616381501602194,-1.6188653128932389
534,2.402452246288495,5.35,1.7858326439658183,-1.6070403117043117
535,2.4124160083983526,5.36,1.8098485559952118,-1.5950546078234085
536,2.422394949216115,5.37,1.8336834846772057,-1.582909399810932
537,2.4323849150692127,5.38,1.8573350465387959,-1.5706059021775611
538,2.4423817993497274,5.39,1.880800876443507,-1.5581453452628062
539,2.4523815432884133,5.3999999999999995,1.9040786278279018,-1.5455289751119754
540,2.462380136647749,5.41,1.9271659729362431,-1.5327580533515688
541,2.4723736183384157,5.42,1.950060603053255,-1.519833857063122
542,2.482358076963492,5.43,1.972760228735007,-1.506757678655493
543,2.4923296512945123,5.4399999999999995,1.9952625800378465,-1.493530825735626
544,2.502284530683436,5.45,2.0175654067453976,-1.4801546209777887
545,2.5122189554144163,5.46,2.0396664785935714,-1.466630401991313
546,2.5221292169991383,5.47,2.0615635854936016,-1.4529595211868263
547,2.532011658419344,5.4799999999999995,2.0832545377530467,-1.439143345641016
548,2.5418626743200314,5.49,2.104737166294758,-1.425183256959923
549,2.551678711156663,5.5,2.12600932287378,-1.4110806511407838
550,2.561456267299601,5.51,2.147068880292183,-1.396836938432427
551,2.5711918930988147,5.52,2.167913732611775,-1.3824535431942542
552,2.5808821909117867,5.53,2.1885417953646957,-1.3679319037538014
553,2.590523815097411,5.54,2.2089510057618575,-1.3532734722629138
554,2.6001134719785295,5.55,2.22913932289923,-1.338479714552524
555,2.6096479197756275,5.56,2.2491047279619214,-1.3235521099860752
556,2.6191239685140877,5.57,2.268845224426067,-1.3084921513115828
557,2.6285384799072524,5.58,2.2883588382584654,-1.293301344512367
558,2.6378883672174713,5.59,2.307643618113998,-1.2779812086564475
559,2.6471705950971267,5.6,2.3266976355307487,-1.2625332757446432
560,2.656382179411581,5.61,2.3455189851228564,-1.2469590905573706
561,2.6655201870458303,5.62,2.364105784771043,-1.2312602105001726
562,2.674581735696587,5.63,2.382456175810834,-1.2154382054479715
563,2.6835639936513616,5.64,2.400568323218417,-1.1994946575880876
564,2.692464179556068,5.6499999999999995,2.4184404157941453,-1.18343116126202
565,2.7012795621725507,5.66,2.4360706663436567,-1.1672493228060146
566,2.710007460127343,5.67,2.4534573118565834,-1.1509507603904343
567,2.7186452416529185,5.68,2.470598613682866,-1.1345371038579373
568,2.7271903243225513,5.6899999999999995,2.4874928577066053,-1.118009994560499
569,2.7356401747798866,5.7,2.5041383545174796,-1.1013710851952752
570,2.7439923084642106,5.71,2.5205334395796752,-1.0846220396393396
571,2.7522442893323635,5.72,2.5366764733983507,-1.0677645327832885
572,2.760393729578142,5.7299999999999995,2.552565841683576,-1.05080025036376
573,2.7684382893500157,5.74,2.5681999555117656,-1.0337308887948575
574,2.776375676467887,5.75,2.5835772514845625,-1.0165581549985168
575,2.7842036461395883,5.76,2.5986961918851845,-0.9992837662338049
576,2.791920000677756,5.77,2.613555264832191,-0.9819094499252035
577,2.799522589217653,5.78,2.6281529844306712,-0.9644369434898631
578,2.807009307436495,5.79,2.642487890920827,-0.9468679941638701
579,2.814378097274766,5.8,2.6565585508239566,-0.9292043588275147
580,2.821626946659981,5.81,2.6703635570857958,-0.911447803829611
581,2.828753889233301,5.82,2.6839015292172226,-0.89360010481086
582,2.835757004079398,5.83,2.6971711134323035,-0.8756630465262938
583,2.8426344154598953,5.84,2.7101709827836764,-0.8576384226667918
584,2.8493842925507065,5.85,2.7228998372952393,-0.8395280356797193
585,2.8560048491835524,5.86,2.73535640409215,-0.8213336965886817
586,2.862494343591914,5.87,2.747539437528106,-0.8030572248124292
587,2.868851078161653,5.88,2.759447719309917,-0.7847004479829077
588,2.8750733991865043,5.89,2.7710800586193303,-0.7662652017625027
589,2.881159696628615,5.8999999999999995,2.7824352922321065,-0.7477533296604737
590,2.8871084038843184,5.91,2.793512284634349,-0.7291666828486026
591,2.8929179975552564,5.92,2.804309928136047,-0.7105071199760853
592,2.8985869972250033,5.93,2.8148271429818474,-0.6917765069836577
593,2.904113965241293,5.9399999999999995,2.825062877459032,-0.6729767169170101
594,2.9094975065039326,5.95,2.8350161080026828,-0.6541096297394813
595,2.91473626825851,5.96,2.8446858392980374,-0.6351771321440697
596,2.919828939895949,5.97,2.8540711043800258,-0.6161811173647562
597,2.9247742527579703,5.9799999999999995,2.8631709647299615,-0.5971234849871888
598,2.9295709799485166,5.99,2.8719845103693924,-0.5780061407587223
599,2.9342179361511698,6.0,2.880510859951098,-0.5588309963978517
600,2.938713977452605,6.01,2.8887491608472264,-0.5395999694030323
601,2.943058001172085,6.02,2.896698589234553,-0.5203149828609378
602,2.947248945697032,6.03,2.904358350176864,-0.5009779652541498
603,2.9512857903246674,6.04,2.9117276777044476,-0.4815908502683184
604,2.9551675551097447,6.05,2.9188058348906925,-0.4621555765987845
605,2.9588933007183527,6.06,2.925592113925778,-0.44267408775671907
606,2.962462128287803,6.07,2.932085836187457,-0.4231483318747701
607,2.9658731792925876,6.08,2.9382863523089133,-0.4035802615122578
608,2.969125635416392,6.09,2.9441930422437026,-0.38397183345991004
609,2.972218718430155,6.1,2.9498053153277537,-0.36432500854419175
610,2.975151690076159,6.11,2.955122610338435,-0.3446417514312205
611,2.9779238519581313,6.12,2.9601443955506763,-0.3249240304303084
612,2.980534545437341,6.13,2.9648701687901413,-0.3051738172971223
613,2.982983151534669,6.14,2.969299457483444,-0.28539308703651717
614,2.985269090838634,6.15,2.973431818705407,-0.2655838177050335
615,2.9873918234193484,6.16,2.9772668392233506,-0.2457479902131001
616,2.989350848748394,6.17,2.980804135538419,-0.22588758812693474
617,2.9911457056245903,6.18,2.984043353923929,-0.2060045974701957
618,2.99277597210563,6.1899999999999995,2.986984170460741,-0.1861010065253796
619,2.9942412654455817,6.2,2.9896262910696523,-0.1661788056349928
620,2.995541242038219,6.21,2.9919694515408035,-0.14623998700252616
621,2.99667559736618,6.22,2.9940134175601,-0.12628654449322554
622,2.997644065955926,6.2299999999999995,2.995757984732644,-0.10632047343471403
623,2.998446421338494,6.24,2.9972029786031706,-0.08634377041745736
624,2.9990824760160315,6.25,2.9983482546734983,-0.06635843309511363
625,2.999552081434093,6.26,2.999193698416973,-0.0463664599847589
626,2.9998551279597017,6.27,2.999739225289927,-0.02636985026704428
627,2.999991544865157,6.28,2.9999847807401254,-0.006370603586275981
628,2.9999613003175982,6.29,2.999930340212229,0.013629280149540351
629,2.9997644013743,6.3,2.9995759091502454,0.033627800968699426
630,2.9994008939837147,6.31,2.9989215229969846,0.053622959035784706
631,2.998870862992259,6.32,2.9979672471905174,0.07361275485165383
632,2.998174432156839,6.33,2.9967131771576283,0.09359518945337977
633,2.997311764163124,6.34,2.9951594383042766,0.1135682646141561
634,2.9962830606495827,6.35,2.993306186003052,0.13352998304311092
635,2.995088562237269,6.36,2.991153605577641,0.15347834858503784
636,2.99372854856539,6.37,2.988701912284292,0.17341136642000265
637,2.992203338332651,6.38,2.9859513512902907,0.19332704326283448
638,2.9905132893444053,6.39,2.982902197649445,0.21322338756244533
639,2.988658798565602,6.4,2.979554756274578,0.23309840970098727
640,2.986640302179575,6.41,2.9759093619070374,0.2529501221928054
641,2.984458275652667,6.42,2.9719663790832227,0.2727765398831953
642,2.982113233804715,6.43,2.9677262020981297,0.2925756801469099
643,2.9796057308854276,6.4399999999999995,2.9631892549659242,0.3123455630864221
644,2.976936360656649,6.45,2.9583559913775375,0.3320842117299144
645,2.9741057564805553,6.46,2.9532268946553017,0.351789652228968
646,2.971114591413789,6.47,2.9478024777046152,0.37145991405595574
647,2.9679635783075513,6.4799999999999995,2.9420832829626518,0.39109303020108677
648,2.964653469913681,6.49,2.93606988234412,0.4106870373691092
649,2.9611850589967337,6.5,2.9297628771840705,0.43023997617563103
650,2.957559178452077,6.51,2.9231628981777638,0.4497498913430674
651,2.9537767014300225,6.52,2.9162706053176,0.46921483189615987
652,2.94983854146601,6.53,2.9090866878271213,0.48863285135707546
653,2.9457456526168553,6.54,2.9016118640920916,0.5080020079400462
654,2.941499029603064,6.55,2.8938468815886544,0.5273203647455568
655,2.9370997079572345,6.56,2.885792516808589,0.5465859899540247
656,2.932548764178538,6.57,2.877449575181662,0.5657969570189859
657,2.9278473158932785,6.58,2.868818890995083,0.5849513448597394
658,2.922996522021533,6.59,2.85990132731008,0.6040472380534647
659,2.9179975829498432,6.6,2.850697775875589,0.6230827270267557
660,2.9128517407099648,6.61,2.8412091570390823,0.6420559082465795
661,2.9075602791636266,6.62,2.83143641965454,0.6609648844106218
662,2.90212452419327,6.63,2.8213805409875543,0.6798077646370254
663,2.8965458438987413,6.64,2.8110425266176122,0.6985826646534697
664,2.890825648799867,6.65,2.8004234103375354,0.7172877069856007
665,2.8849653920448595,6.66,2.789524254050104,0.7359210211447693
666,2.87896656962447,6.67,2.7783461476618636,0.7544807438150888
667,2.8728307205918138,6.68,2.7668902089741376,0.7729650190397587
668,2.866559427287757,6.6899999999999995,2.7551575835712487,0.79137199840666
669,2.8601543155717435,6.7,2.743149444705958,0.8096998412331966
670,2.8536170550579514,6.71,2.7308669931821483,0.827946714750356
671,2.846949359356591,6.72,2.7183114572347353,0.8461107942859937
672,2.8401529863202133,6.7299999999999995,2.7054840924068513,0.8641902634472927
673,2.8332297382948015,6.74,2.692386181424287,0.8821833143024047
674,2.826181462375467,6.75,2.67901903406723,0.9000881475612352
675,2.819010050666465,6.76,2.6653839870392746,0.9179029727553806
676,2.8117174405453156,6.77,2.6514824038337608,0.935626008417167
677,2.8043056149306933,6.78,2.637315674597424,0.953255482257799
678,2.7967766025537895,6.79,2.622885215991384,0.9707896313445805
679,2.7891324782327698,6.8,2.6081924710494757,0.9882267022772163
680,2.7813753631499556,6.81,2.593238909033949,1.005564951363144
681,2.773507425131282,6.82,2.5780260252885423,1.0228026447919047
682,2.765530878927582,6.83,2.5625553410889563,1.0399380588085174
683,2.757447986497164,6.84,2.5468284034907174,1.0569694798858615
684,2.7492610572891514,6.85,2.5308467851744787,1.073895204896022
685,2.7409724485269646,6.86,2.5146120842887534,1.090713541280604
686,2.732584565491299,6.87,2.498125924290104,1.1074228072199814
687,2.724099861801879,6.88,2.48138995378079,1.124021331801486
688,2.7155208396972466,6.89,2.4644058463439156,1.140507455186492
689,2.70685005031173,6.9,2.4471753003760703,1.1568795287764002
690,2.6980900939487293,6.91,2.429700038917495,1.1731359153774927
691,2.6892436203493384,6.92,2.411981809479771,1.1892749893646573
692,2.680313328955296,6.93,2.3940223838710777,1.2052951368439446
693,2.671301969165151,6.9399999999999995,2.3758235580190092,1.2211947558139569
694,2.6622123405824634,6.95,2.357387151790983,1.236972256326048
695,2.6530472932547817,6.96,2.3387150088122626,1.2526260606433117
696,2.6438097279020343,6.97,2.3198089962815835,1.2681546033983628
697,2.6345025961329083,6.9799999999999995,2.300671004784444,1.2835563317498662
698,2.625128900647674,6.99,2.2813029481040434,1.2988297055378224
699,2.6156916954258165,7.0,2.2617067630299137,1.3139731974375781
700,2.606194085896739,7.01,2.2418844091642307,1.328985293112564
701,2.596639229091699,7.02,2.2218378687258618,1.343864491365723
702,2.587030333775014,7.03,2.201569146352144,1.3586093042896297
703,2.5773706605524724,7.04,2.1810802688984277,1.373218257415277
704,2.567663521954749,7.05,2.1603732852353823,1.3876898898595273
705,2.5579122824935276,7.06,2.1394502660441184,1.4020227544711963
706,2.5481203586878807,7.07,2.118313303609118,1.4162154179757676
707,2.5382912190583413,7.08,2.0969645116090128,1.4302664611187157
708,2.5284283840859696,7.09,2.075406024905212,1.4441744788074369
709,2.5185354261335684,7.1,2.0536399993284196,1.4579380802517519
710,2.5086159693260934,7.11,2.0316686114630538,1.4715558891029872
711,2.4986736893871253,7.12,2.0094940584295946,1.4850265435916037
712,2.48871231342816,7.13,1.9871185576648658,1.4983486966633788
713,2.4787356196873276,7.14,1.9645443467002968,1.5115210161141075
714,2.4687474372140024,7.15,1.9417736829381709,1.5245421847228224
715,2.458751645495626,7.16,1.918808843425892,1.5374109003835117
716,2.4487521740229345,7.17,1.8956521246282731,1.550125876235334
717,2.438753001789641,7.18,1.8723058421978962,1.5626858407913
718,2.4287581567224996,7.1899999999999995,1.8487723307435489,1.5750895380654208
719,2.418771715037533,7.2,1.8250539435967637,1.5873357276983062
720,2.4087978005181134,7.21,1.801153052576494,1.5994231850811964
721,2.3988405837104367,7.22,1.7770720477519226,1.6113507014784265
722,2.388904281031874,7.2299999999999995,1.7528133372034649,1.6231170841482965
723,2.3789931537875457,7.24,1.728379346781957,1.6347211564623458
724,2.369111507090419,7.25,1.7037725198660845,1.646161758023011
725,2.3592636886801355,7.26,1.6789953171180314,1.6574377447796707
726,2.349454087635758,7.27,1.6540502162374242,1.668547989143046
727,2.339687132977572,7.28,1.628939711713562,1.6794913800979598
728,2.329967292153081,7.29,1.6036663145759757,1.6902668233144347
729,2.3202990694023335,7.3,1.5782325521433158,1.7008732412571288
730,2.3106870039977916,7.31,1.5526409677706314,1.711309573293087
731,2.301135668353982,7.32,1.5268941205950304,1.7215747757978033
732,2.2916496660023005,7.33,1.5009945852797801,1.7316678222595798
733,2.282233629426438,7.34,1.4749449517568263,1.7415877033821823
734,2.2728922177541118,7.35,1.4487478249678134,1.7513334271857646
735,2.263630114300947,7.36,1.4224058246035873,1.7609040191060688
736,2.2544520239626182,7.37,1.3959215848422375,1.7702985220918765
737,2.2453626704516596,7.38,1.3692977540856677,1.7795159967007192
738,2.2363667933756672,7.39,1.3425369946947665,1.7885555211928168
739,2.227469145154024,7.4,1.3156419827231711,1.7974161916232538
740,2.2186744877706857,7.41,1.28861540764967,1.8060971219323696
741,2.209987589361063,7.42,1.2614599721092468,1.814597444034368
742,2.2014132206315793,7.43,1.2341783916228257,1.8229163079041226
743,2.19295615111105,7.4399999999999995,1.206773394325721,1.8310528816621785
744,2.184621145233696,7.45,1.1792477206948222,1.8390063516579414
745,2.1764129582542933,7.46,1.1516041232745597,1.8467759225510378
746,2.1683363319967004,7.47,1.1238453664016366,1.854360817390854
747,2.16039599043784,7.4799999999999995,1.0959742259286083,1.8617602776942266
748,2.152596635130036,7.49,1.0679934889462932,1.868973563521292
749,2.144942940465538,7.5,1.0399059535050774,1.8759999535494778
750,2.1374395487879903,7.51,1.0117144283350967,1.8828387451456365
751,2.1300910653566336,7.52,0.9834217325653751,1.8894892544363076
752,2.1229020531700176,7.53,0.9550306954419097,1.895950816376105
753,2.115877027657102,7.54,0.9265441560447589,1.902222784814218
754,2.1090204512446835,7.55,0.8979649630041213,1.9083045325590295
755,2.1023367278112293,7.56,0.8692959742154848,1.914195451440834
756,2.0958301970382793,7.57,0.840540056553835,1.9198949523726523
757,2.0895051286717403,7.58,0.8117000855869804,1.9254024654091402
758,2.083365716706471,7.59,0.7827789452879814,1.9307174398035836
759,2.077416073508699,7.6,0.7537795277467672,1.9358393440629726
760,2.0716602238918336,7.61,0.7247047328809233,1.94076766600115
761,2.066102099162316,7.62,0.6955574681457124,1.9455019127900275
762,2.060745531153083,7.63,0.6663406482433163,1.9500416110088725
763,2.0555942462631664,7.64,0.6370571948313779,1.9543863066916458
764,2.050651859522788,7.65,0.607710036230833,1.9585355653724
765,2.0459218687040397,7.66,0.5783021071330909,1.9624889721287242
766,2.0414076484979224,7.67,0.5488363483065524,1.9662461316232376
767,2.037112444779035,7.68,0.5193157063025452,1.9698066681431217
768,2.033039368979639,7.6899999999999995,0.48974313316066953,1.9731702256376915
769,2.0291913925951017,7.7,0.46012158611359305,1.9763364677540007
770,2.025571341842885,7.71,0.4304540272913412,1.979305077870476
771,2.0221818924972057,7.72,0.4007434234250707,1.9820757591285796
772,2.0190255649213875,7.7299999999999995,0.3709927455504095,1.9846482344624947
773,2.0161047193195527,7.74,0.3412049687103501,1.9870222466268317
774,2.0134215512288502,7.75,0.3113830716577589,1.9891975582223522
775,2.0109780872727443,7.76,0.281530036557487,1.9911739517197096
776,2.0087761811950853,7.77,0.25164884868816684,1.992951229481201
777,2.006817510193694,7.78,0.2217424961436819,1.9945292137805317
778,2.0051035715710452,7.79,0.19181396953437008,1.9959077468205864
779,2.0036356797183617,7.8,0.16186626168794926,1.99708669074921
780,2.0024149634479693,7.81,0.13190236735024774,1.9980659276729917
781,2.001442363687212,7.82,0.1019252828857268,1.9988453596690559
782,2.0007186315455185,7.83,0.0719380059778574,1.999424908794852
783,2.0002443267644305,7.84,0.04194353532933836,1.9998045170959504
784,2.000019816558489,7.85,0.011944870362239218,1.9999841466118375
785,2.0000452748529285,7.86,-0.01805498908194479,1.9999637793797111
786,2.000320681922113,7.87,-0.04805304304226371,1.999743417436278
787,2.0008458244305505,7.88,-0.07804629173832248,1.9993230828175483
788,2.0016202958763096,7.89,-0.10803173587024578,1.998702817556634
789,2.0026434974345233,7.9,-0.13800637691861084,1.997882683679544
790,2.0039146391966534,7.91,-0.16796721744428633,1.9968627631989828
791,2.0054327417991726,7.92,-0.1979112613881896,1.9956431581061487
792,2.007196638433349,7.93,-0.22783551437087957,1.994223990360534
793,2.009204977225969,7.94,-0.2577369839919974,1.9926054018777313
794,2.0114562239790454,7.95,-0.2876126801294935,1.9907875545152398
795,2.0139486652548846,7.96,-0.317459615238653,1.9887706300562809
796,2.016680411791351,7.97,-0.3472748046508375,1.9865548301916196
797,2.0196494022307543,7.9799999999999995,-0.37705526687195157,1.9841403764993961
798,2.022853407144521,7.99,-0.40679802388059283,1.981527510422967
799,2.0262900333347,8.0,-0.4365001014258406,1.9787164932467636
800,2.0299567283924174,8.01,-0.46615852932469465,1.9757076060701602
801,2.0338507854925942,8.02,-0.49577034175908036,1.9725011497793674
802,2.0379693484036308,8.03,-0.5253325775724307,1.9690974450173422
803,2.0423094166903115,8.04,-0.5548422805657995,1.9654968321517243
804,2.0468678510878946,8.05,-0.5842964997934841,1.961699671240799
805,2.051641379025215,8.06,-0.6136922898580962,1.9577063419974947
806,2.0566266002746785,8.07,-0.643026711205131,1.9535172437514072
807,2.0618199927071723,8.08,-0.672296830416899,1.94913279540887
808,2.0672179181302552,8.09,-0.701499720505871,1.944553435411064
809,2.072816628188421,8.1,-0.7306324612073734,1.9397796216901726
810,2.078612270304809,8.11,-0.7596921392716134,1.9348118316235898
811,2.0846008936443954,8.12,-0.788675848755001,1.9296505619861826
812,2.090778455079479,8.13,-0.817580691310746,1.9242963289006125
813,2.097140825139122,8.14,-0.8464037764786696,1.9187496677857283
814,2.1036837939251654,8.15,-0.8751422219742795,1.9130111333030182
815,2.1104030769783777,8.16,-0.9037931539769748,1.9070812993011486
816,2.1172943210793855,8.17,-0.9323537074174308,1.9009607587585777
817,2.124353109970082,8.18,-0.9608210262641039,1.89465012372426
818,2.1315749699823217,8.19,-0.9891922638088322,1.8881500252564394
819,2.138955375561823,8.2,-1.0174645829515034,1.8814611133595462
820,2.146489754676332,8.209999999999999,-1.0456351564837643,1.8745840569191963
821,2.154173494098199,8.22,-1.0737011673717411,1.8675195436353014
822,2.1620019445526557,8.23,-1.101659809037724,1.8602682799533052
823,2.1699704257241406,8.24,-1.12950828564085,1.8528309909935323
824,2.1780742311140857,8.25,-1.1572438123566653,1.8452084204786805
825,2.18630863274461,8.26,-1.1848636156556118,1.8374013306594494
826,2.1946688857035346,8.27,-1.212364933580376,1.8294105022383151
827,2.203150232527101,8.28,-1.2397450160220826,1.8212367342914608
828,2.2117479074176414,8.29,-1.2670011249953046,1.8128808441888695
829,2.220457140294321,8.3,-1.2941305349118624,1.8043436675125866
830,2.229273160675845,8.31,-1.321130532853363,1.7956260579731689
831,2.2381912013947938,8.32,-1.3479984188425165,1.786728887324304
832,2.2472065021438943,8.33,-1.374731506113114,1.777653045275642
833,2.2563143128552134,8.34,-1.401327121378706,1.7683994394038254
834,2.2655098969138074,8.35,-1.427782605099929,1.7589689950617298
835,2.274788534207894,8.36,-1.4540953117504567,1.7493626552859305
836,2.284145524018099,8.37,-1.4802626100815515,1.7395813807023999
837,2.293576187748735,8.38,-1.5062818833851908,1.7296261494304437
838,2.303075871504445,8.39,-1.5321505297557176,1.7194979569848965
839,2.3126399485158933,8.4,-1.5578659623500566,1.7091978161765609
840,2.3222638214184217,8.41,-1.5834256096463784,1.6987267570109346
841,2.331942924387874,8.42,-1.6088269157012522,1.6880858265852081
842,2.341672725137958,8.43,-1.6340673404052404,1.6772760889835565
843,2.351448726783695,8.44,-1.6591443597369062,1.666298625170732
844,2.3612664695756105,8.45,-1.6840554660152145,1.655154532883968
845,2.3711215325094352,8.459999999999999,-1.7087981681502957,1.6438449265232065
846,2.3810095348161338,8.47,-1.7333699918925602,1.6323709370396566
847,2.3909261373371042,8.48,-1.757768480080101,1.6207337118227096
848,2.4008670437894466,8.49,-1.7819911928844365,1.6089344145851874
849,2.4108280019261032,8.5,-1.806035708054471,1.5969742252469805
850,2.4208048045957367,8.51,-1.8298996211587246,1.5848543398170567
851,2.430793290707077,8.52,-1.853580545825774,1.5725759702738584
852,2.4407893461024597,8.53,-1.8770761139828855,1.5601403444441087
853,2.450788904345153,8.54,-1.900383976092824,1.5475487058800268
854,2.4607879474250134,8.55,-1.9235018013888054,1.5348023137349747
855,2.470782506386859,8.56,-1.9464272781075564,1.5219024426375487
856,2.4807686618859055,8.57,-1.9691581137205145,1.5088503825641069
857,2.4907425446743976,8.58,-1.9916920351630598,1.4956474387097796
858,2.500700336023523,8.59,-2.0140267890618264,1.4822949313579503
859,2.510638268084512,8.6,-2.0361601419600373,1.4687941957482267
860,2.520552624192718,8.61,-2.0580898805408463,1.4551465819429195
861,2.530439739118315,8.62,-2.0798138118486706,1.4413534546920361
862,2.5402959992671272,8.63,-2.1013297635084864,1.4274161932968048
863,2.550117842834942,8.64,-2.1226355839430497,1.413336191471756
864,2.559901759918555,8.65,-2.143729142588076,1.399114857205336
865,2.569644292586596,8.66,-2.1646083301052785,1.3847536126191209
866,2.5793420349131138,8.67,-2.185271058593304,1.3702538938256013
867,2.5889916329767066,8.68,-2.205715261796524,1.3556171507845736
868,2.598589784827882,8.69,-2.2259388953116543,1.3408448471581444
869,2.608133240427181,8.7,-2.245939936792196,1.3259384601643667
870,2.6176188015564903,8.71,-2.2657163861506726,1.3108994804295147
871,2.6270433217058082,8.72,-2.2852662657586214,1.2957294118390352
872,2.6364037059376617,8.73,-2.304587620644376,1.2804297713871426
873,2.64569691073119,8.74,-2.32367851868855,1.2650020890251326
874,2.6549199438078444,8.75,-2.3425370508172474,1.2494479075083849
875,2.664069863940526,8.76,-2.361161331192971,1.2337687822420895
876,2.6731437807478704,8.77,-2.3795494974032025,1.217966281125707
877,2.6821388544753075,8.78,-2.3976997106466453,1.2020419843961807
878,2.6910522957643908,8.79,-2.4156101559171,1.185997484469913
879,2.6998813654118416,8.8,-2.433279042184968,1.1698343857835234
880,2.7086233741196177,8.81,-2.45070460257634,1.153554304633417
881,2.717275682237285,8.82,-2.4678850945497013,1.1371588690141392
882,2.725835699497818,8.83,-2.4848188000701716,1.1206497184555895
883,2.7343008847479444,8.84,-2.5015040257813106,1.1040285038590658
884,2.742668745674038,8.85,-2.5179391031744514,1.0872968873321767
885,2.750936838524503,8.86,-2.53412238875555,1.0704565420226324
886,2.759102767829524,8.87,-2.5500522642095342,1.0535091519509299
887,2.7671641861190017,8.88,-2.5657271365621375,1.0364564118419504
888,2.775118793639408,8.89,-2.5811454383391803,1.0193000269555008
889,2.7829643380702955,8.9,-2.596305627723337,1.0020417129157693
890,2.7906986142410584,8.91,-2.6112061887083016,0.9846831955397783
891,2.798319463848573,8.92,-2.6258456312503933,0.9672262106648
892,2.8058247751762497,8.93,-2.640222491417558,0.9496725039747743
893,2.8132124828149996,8.94,-2.654335331535758,0.9320238308257422
894,2.8204805673865767,8.95,-2.668182740332744,0.9142819560703116
895,2.8276270552697182,8.96,-2.6817633330791772,0.8964486538811698
896,2.8346500183294587,8.97,-2.695075751727095,0.8785257075736811
897,2.84154757364999,8.98,-2.7081186650457294,0.8605149094275374
898,2.84831788327135,8.99,-2.720890768754617,0.8424180605075443
899,2.8549591539302623,9.0,-2.7333907856540307,0.8242369704835132
900,2.8614696368053667,9.01,-2.7456174657526975,0.8059734574492955
901,2.8678476272670776,9.02,-2.7575695863927954,0.7876293477409753
902,2.874091464632291,9.03,-2.7692459523722217,0.7692064757542365
903,2.8801995319241067,9.04,-2.7806453960641075,0.7507066837609255
904,2.8861702556367614,9.05,-2.7917667775335855,0.732131821724822
905,2.892002105505884,9.06,-2.8026089846517728,0.7134837471166572
906,2.897693594284246,9.07,-2.8131709332069947,0.6947643247283485
907,2.903243277523076,9.08,-2.823451567013197,0.6759754264865352
908,2.9086497533590734,9.09,-2.833449858015567,0.6571189312653843
909,2.9139116623071826,9.1,-2.843164806393336,0.6381967246987043
910,2.9190276870592125,9.11,-2.852595440659761,0.619210698991383
911,2.9239965522883544,9.12,-2.8617408177592756,0.60016275273017
912,2.928817024459655,9.13,-2.870600023161791,0.5810547906938144
913,2.933487911646478,9.14,-2.8791721709541482,0.5618887236626036
914,2.9380080633529895,9.15,-2.887456403928712,0.5426664682272655
915,2.9423763703426964,9.16,-2.8954518936690885,0.5233899465973252
916,2.946591764473045,9.17,-2.9031578406329666,0.504061086408882
917,2.9506532185360954,9.18,-2.9105734742320717,0.48468182053184755
918,2.954559746105282,9.19,-2.9176980529092233,0.46525408687666003
919,2.958310401388252,9.2,-2.9245308642124908,0.4457798282004953
920,2.961904279085787,9.21,-2.9310712248664395,0.426260991912989
921,2.9653405142567855,9.22,-2.937318480840451,0.40669952988151115
922,2.968618282189323,9.23,-2.943272007414136,0.38709739823596034
923,2.9717367982777434,9.24,-2.948931209239798,0.367456557173166
924,2.9746953179057916,9.25,-2.954295520401971,0.3477789707608671
925,2.977493136335759,9.26,-2.959364404474008,0.328066606741307
926,2.9801295886036265,9.27,-2.9641373545717267,0.30832143633446063
927,2.9826040494201833,9.28,-2.968613893404094,0.28854543404091454
928,2.984915933078108,9.29,-2.9727935733209585,0.2687405774444181
929,2.9870646933649803,9.3,-2.9766759763578103,0.2489088470141234
930,2.9890498234822163,9.31,-2.9802607142775814,0.22905222590655416
931,2.990870855969894,9.32,-2.9835474286094668,0.20917269976727051
932,2.992527362637467,9.33,-2.9865357906847723,0.1892722565323201
933,2.994018954500321,9.34,-2.989225501669781,0.16935288622944283
934,2.9953452817221864,9.35,-2.9916162925956358,0.14941658077906955
935,2.9965060335633638,9.36,-2.993707924385236,0.12946533379513178
936,2.9975009383347637,9.37,-2.9955001878771466,0.10950114038570191
937,2.9983297633577357,9.38,-2.996992903846511,0.08952599695348055
938,2.998992314929683,9.39,-2.9981859230229766,0.06954190099617216
939,2.999488438295441,9.4,-2.9990791261056193,0.04955085090671553
940,2.999818017624425,9.41,-2.9996724237748764,0.029554845773460472
941,2.999980975993519,9.42,-2.9999657567014744,0.009555885180257023
942,2.9999772753757252,9.43,-2.999959095552365,-0.010444030993501241
943,2.9998069166345447,9.44,-2.9996524409936587,-0.030442902772863486
944,2.999469939524108,9.45,-2.9990458236905546,-0.05043873028731744
945,2.9989664226950423,9.46,-2.998139304304278,-0.07042951397077836
946,2.9982964837060866,9.47,-2.996932973486012,-0.09041325476152971
947,2.997460279041448,9.48,-2.9954269518678336,-0.11038795430214902
948,2.996458004133916,9.49,-2.9936213900506488,-0.1303516151393278
949,2.9952898933937386,9.5,-2.9915164685891353,-0.1503022409236186
950,2.993956220243264,9.51,-2.989112397973685,-0.17023783660906852
951,2.992457297157367,9.52,-2.986409418609356,-0.1901564086527219
952,2.9907934757096704,9.53,-2.9834078007918325,-0.21005596521397318
953,2.9889651466245732,9.54,-2.9801078446803944,-0.2299345163537491
954,2.9869727398351036,9.55,-2.9765098802679026,-0.24979007423350463
955,2.9848167245466133,9.56,-2.9726142673478018,-0.269620653313991
956,2.9824976093063307,9.57,-2.9684213954781358,-0.2894242705538291
957,2.9800159420787975,9.58,-2.9639316839425986,-0.30919894560779787
958,2.977372310327192,9.59,-2.959145581708602,-0.32894270102487083
959,2.97456734110058,9.6,-2.9540635673823807,-0.3486535624459593
960,2.971601701127106,9.61,-2.948686149161133,-0.3683295588013468
961,2.9684760969131263,9.62,-2.9430138647821993,-0.38796872250779446
962,2.965191274848344,9.63,-2.93704728146929,-0.40756908966530103
963,2.9617480213169247,9.64,-2.9307869958757653,-0.4271287002534774
964,2.9581471628146327,9.65,-2.9242336340249677,-0.4466455983275678
965,2.954389566072003,9.66,-2.9173878512476215,-0.4661178322140288
966,2.9504761381835594,9.67,-2.9102503321162985,-0.4855434547056987
967,2.946407826743093,9.68,-2.902821790376964,-0.5049205232565162
968,2.942185619985016,9.69,-2.895102968877602,-0.5242471001757738
969,2.93781054693179,9.7,-2.887094639493931,-0.5435212528218849
970,2.933283677547434,9.71,-2.878797603052212,-0.5627410537956501
971,2.92860612289713,9.72,-2.87021268924918,-0.5819045811329816
972,2.923779035312879,9.73,-2.861340756569059,-0.6010099184971187
973,2.9188036085652413,9.74,-2.8521826921977236,-0.620055155370246
974,2.9136810780411198,9.75,-2.8427394119339797,-0.6390383872445473
975,2.9084127209275583,9.76,-2.833011860097984,-0.6579577158126543
976,2.902999856401541,9.77,-2.823001009436813,-0.6768112491574763
977,2.8974438458257348,9.78,-2.8127078610271923,-0.69559710194139
978,2.8917460929501284,9.79,-2.802133444175384,-0.7143133955947719
979,2.885908044119518,9.8,-2.79127881631426,-0.7329582585038568
980,2.879931188486753,9.81,-2.7801450628975637,-0.7515298261978846
981,2.8738170582316585,9.82,-2.768733297291358,-0.7700262415355653
982,2.8675672287855454,9.83,-2.757044660662693,-0.7884456548907789
983,2.8611833190611837,9.84,-2.7450803218654913,-0.8067862243375392
984,2.8546669916881124,9.85,-2.732841477323663,-0.8250461158341854
985,2.8480199532531345,9.86,-2.7203293509114617,-0.8432235034067843
986,2.8412439545458397,9.87,-2.7075451938311033,-0.8613165693317265
987,2.834340790808947,9.88,-2.6944902844876393,-0.8793235043175001
988,2.8273123019932833,9.89,-2.6811659283611307,-0.8972425076856059
989,2.820160373017125,9.9,-2.667573457876083,-0.9150717875506427
990,2.812886934029689,9.91,-2.653714232268218,-0.9328095609994818
991,2.8054939606784393,9.92,-2.6395896374485472,-0.9504540542695596
992,2.79798347437992,9.93,-2.6252010858647825,-0.9680035029262529
993,2.790357542593748,9.94,-2.610550016360092,-0.9854561520393205
994,2.7826182790993834,9.95,-2.595637894029216,-1.0028102563583947
995,2.774767844275259,9.96,-2.580466210071959,-1.0200640804875087
996,2.766808445379806,9.97,-2.565036481644079,-1.0372158990586215
997,2.75874233683386,9.98,-2.5493502517055573,-1.054263996904172
998,2.7505718205039216,9.99,-2.533409088866317,-1.0712066692285827
