,dr,dtheta,r,t,theta
0,-0.01592464370118044,-0.016666018513734532,2.999512206655621,0.01,2.999916668287045
1,-0.03184780577003777,-0.033328147995056775,2.999273342554869,0.02,2.999666692593103
2,-0.04776799734710424,-0.049982498837415346,2.9988752604402547,0.03,2.999250131255813
3,-0.0636837151340236,-0.06662518028578607,2.998317997518158,0.04,2.998667081514143
4,-0.07959343421258241,-0.08325229986195039,2.9976016061300728,0.05,2.997917679522749
5,-0.09549560090983913,-0.09985996278919605,2.996726154004529,0.060000000000000005,2.997002100372081
6,-0.11138862572459442,-0.11644427141625414,2.995691724580058,0.06999999999999999,2.995920558114249
7,-0.1272708763303429,-0.13300132464029335,2.9944984173985394,0.08,2.9946733057946515
8,-0.14314067066971514,-0.14952721732879917,2.9931463485680565,0.09,2.993260635489383
9,-0.15899627015526505,-0.16601803974017615,2.9916356512943,0.09999999999999999,2.991682878348423
10,-0.17483587299127484,-0.18246987694292086,2.9899664764793643,0.11,2.989940404644633
11,-0.19065760763104547,-0.19887880823322723,2.9881389933866656,0.12,2.9880336238285663
12,-0.20645952638390971,-0.21524090655089917,2.986153390370545,0.13,2.985962984589106
13,-0.2222395991859491,-0.2315522378934626,2.984009875668996,0.14,2.9837289749199623
14,-0.2379957075481192,-0.2478088607283865,2.9817086782578133,0.15000000000000002,2.981332122192027
15,-0.25372563869518416,-0.2640068254033427,2.9792500487643094,0.16,2.978772993231626
16,-0.2694270799085366,-0.2801421735544569,2.976634260438643,0.17,2.9760521944046725
17,-0.28509761308563253,-0.29621093751252736,2.9738616101806348,0.18000000000000002,2.9731703717067473
18,-0.3007347095284007,-0.31220913970721403,2.970932419619867,0.19,2.970128210859133
19,-0.31633572497259577,-0.328132792069231,2.967847036246694,0.2,2.966926437410812
20,-0.3318978948696535,-0.3439778954306055,2.964605834591709,0.21000000000000002,2.963565816846451
21,-0.34741832993217553,-0.35974043892310187,2.961209217451088,0.22,2.9600471547003955
22,-0.36289401195372034,-0.37541639937494475,2.9576576171551077,0.23,2.95637129667669
23,-0.37832178991310883,-0.39100174070601834,2.953951496877059,0.24000000000000002,2.9525391287751312
24,-0.39369837637296706,-0.40649241332175784,2.9500913519796494,0.25,2.948551577423385
25,-0.40902034418172295,-0.4218843535059981,2.94607771139591,0.26,2.9444096096151644
26,-0.4242841234877577,-0.4371734828130957,2.941911139041535,0.27,2.940114233054485
27,-0.43948599907387453,-0.4523557074596896,2.9375922352554724,0.28,2.9356664963059993
28,-0.45462210801970093,-0.4674269177165279,2.9331216382655527,0.29000000000000004,2.931067488951417
29,-0.4696884376990734,-0.48238298730084567,2.9285000256758105,0.3,2.9263183417520033
30,-0.4846808241188868,-0.4972197727698495,2.9237281159721342,0.31,2.9214202268171445
31,-0.49959495060529147,-0.5119331129159277,2.918806670042801,0.32,2.9163743577789756
32,-0.5144263468425346,-0.5265188281642871,2.9137364927103824,0.33,2.911181989973044
33,-0.5291703882691287,-0.540972719973795,2.9085184342714823,0.34,2.905844420624979
34,-0.543822295835414,-0.5552905702418878,2.9031533920407107,0.35000000000000003,2.900362989043134
35,-0.5583771361259612,-0.5694681407145032,2.897642311895258,0.36000000000000004,2.8947390768171557
36,-0.5728298218496258,-0.5835011724020883,2.8919861898164076,0.37,2.8889741080224254
37,-0.5871751126994325,-0.5973853850028369,2.886186073424308,0.38,2.883069549430305
38,-0.6014076165838227,-0.6111164763344227,2.8802430635022787,0.39,2.877026910724106
39,-0.6155217912301612,-0.6246901217756097,2.874158315506953,0.4,2.8708477447206975
40,-0.6295119461607391,-0.6381019737192444,2.8679330410605166,0.41000000000000003,2.864533647597639
41,-0.6433722450408744,-0.6513476610382665,2.8615685094213306,0.42000000000000004,2.8580862591257232
42,-0.6570967083980508,-0.664422788566514,2.8550660489292103,0.43,2.8515072629067824
43,-0.6706792167103947,-0.6773229365962461,2.8484270484216707,0.44,2.844798386616607
44,-0.6841135138621391,-0.690043660394458,2.841652958617447,0.45,2.837961402252797
45,-0.6973932109630812,-0.7025804897402373,2.8347452934636372,0.46,2.8309981263873447
46,-0.7105117905283961,-0.7149289284855739,2.827705631442848,0.47000000000000003,2.8239104204237333
47,-0.7234626110145408,-0.7270844541422226,2.820535616836754,0.48000000000000004,2.8167001908582927
48,-0.7362389117063437,-0.7390425174974172,2.8132369609425405,0.49,2.809369389545551
49,-0.7488338179497587,-0.7507985422614261,2.8058114432387438,0.5,2.8019200139672704
50,-0.7612403467241455,-0.7623479247501649,2.798260912497054,0.51,2.7943541075048315
51,-0.7734514125473315,-0.7736860336062985,2.7905872878367344,0.52,2.7866737597146076
52,-0.785459833706115,-0.7848082095625065,2.7827925597183527,0.53,2.778881106605916
53,-0.7972583388042844,-0.7957097652508279,2.7748787908736072,0.54,2.770978330921112
54,-0.8088395736196533,-0.8063859850622642,2.766848117168131,0.55,2.7629676624173403
55,-0.8201961082610536,-0.8168321250610887,2.7587027483942106,0.56,2.7548513781494237
56,-0.8313204446156783,-0.8270434129585924,2.7504449689904744,0.5700000000000001,2.7466318027533094
57,-0.8422050240766374,-0.8370150481512905,2.7420771386857057,0.5800000000000001,2.7383113087294664
58,-0.8528422355400691,-0.8467422018289219,2.7336016930640143,0.59,2.7298923167255524
59,-0.8632244236606529,-0.8562200171578904,2.72502114404874,0.6,2.7213772958176317
60,-0.8733438973538842,-0.8654436095461276,2.716338080302556,0.61,2.712768763789151
61,-0.8831929385330067,-0.8744080669956968,2.7075551675413685,0.62,2.704069287406841
62,-0.8927638110680536,-0.8831084505498159,2.6986751487597207,0.63,2.6952814826926192
63,-0.9020487699540173,-0.8915397948413294,2.6897008443655563,0.64,2.6864080151905236
64,-0.9110400706747669,-0.8996971087500476,2.680635152222304,0.65,2.677451600227625
65,-0.9197299787489418,-0.9075753761767412,2.6714810475964086,0.66,2.6684150031677856
66,-0.9281107794436875,-0.9151695569419782,2.6622415830085453,0.67,2.6593010396570653
67,-0.9361747876417589,-0.9224745878183856,2.6529198879869242,0.68,2.650112575859476
68,-0.9439143578471938,-0.9294853837053257,2.6435191687212116,0.6900000000000001,2.6408525286817106
69,-0.9513218943144673,-0.9361968389553814,2.6340427076157718,0.7000000000000001,2.631523865985373
70,-0.9583898612857618,-0.9426038288624624,2.6244938627410543,0.7100000000000001,2.622129606785144
71,-0.9651107933207407,-0.9487012113217519,2.6148760671821463,0.72,2.6126728214312185
72,-0.9714773057029931,-0.9544838286721283,2.6051928282836143,0.73,2.603156631774234
73,-0.9774821049071118,-0.9599465097320985,2.59544772678998,0.74,2.593584211310821
74,-0.9831179991102035,-0.9650840720406858,2.58564441588128,0.75,2.5839587853077797
75,-0.9883779087314724,-0.9698913243150944,2.575786620103359,0.76,2.57428363090277
76,-0.9932548769834068,-0.9743630691373598,2.565878134192697,0.77,2.564562077179292
77,-0.9977420804179955,-0.9784941058825336,2.555922821795734,0.78,2.5547975052136067
78,-1.0018328394513385,-0.9822792339013054,2.5459246140828258,0.79,2.5449933480911064
79,-1.0055206288499685,-0.9857132559702473,2.535887508257133,0.8,2.535153090889538
80,-1.0087990881621898,-0.9887909820231573,2.5258155659589088,0.81,2.5252802706263267
81,-1.0116620320777483,-0.9915072331771948,2.515712911565814,0.8200000000000001,2.5153784761671245
82,-1.0141034606991854,-0.9938568460676991,2.5055837303900668,0.8300000000000001,2.5054513480925653
83,-1.0161175697082945,-0.9958346775057051,2.4954322667733875,0.8400000000000001,2.4955025785200706
84,-1.0176987604111878,-0.9974356094722497,2.485262822080872,0.85,2.4855359108774087
85,-1.0188416496456005,-0.9986545544635638,2.4750797525950925,0.86,2.4755551396245634
86,-1.0195410795342015,-0.9994864612011639,2.464887467311878,0.87,2.465564109920346
87,-1.0197921270678516,-0.9999263207207115,2.4546904256394013,0.88,2.4555667172300164
88,-1.0195901135029457,-0.9999691728532365,2.444493135002348,0.89,2.4455669068700696
89,-1.018930613557196,-0.9996101131119645,2.4343001483531084,0.9,2.4355686734861903
90,-1.0178094643884608,-0.9988442999975076,2.4241160615920827,0.91,2.42557606046026
91,-1.0162227743414942,-0.9976669627335697,2.4139455108993464,0.92,2.415593159242166
92,-1.0141669314477908,-0.9960734094445611,2.4037931699800703,0.93,2.4056241086020584
93,-1.0116386116640173,-0.9940590357856315,2.393663747226238,0.9400000000000001,2.395673093798571
94,-1.0086347868348642,-0.9916193340345566,2.383561982797341,0.9500000000000001,2.385744345658445
95,-1.0051527323665264,-0.9887499026536789,2.37349264562289,0.9600000000000001,2.3758421395628866
96,-1.0011900345974,-0.9854464563286839,2.363460530329683,0.97,2.365970794335928
97,-0.9967445978530034,-0.981704836489364,2.3534704540969433,0.98,2.3561346710299933
98,-0.9918146511725527,-0.9775210223156988,2.343527253442536,0.99,2.3463381716038314
99,-0.9863987546950893,-0.9728911422305213,2.333635780943613,1.0,2.3365857374879577
100,-0.9804958056935147,-0.9678114858777669,2.323800901895143,1.01,2.3268818480327376
101,-0.9741050442453909,-0.9622785165827806,2.3140274909099143,1.02,2.3172310188342724
102,-0.967226058529871,-0.9562888842883926,2.3043204284636887,1.03,2.3076377999332984
103,-0.9598587897406528,-0.9498394389574638,2.2946845973892938,1.04,2.2981067738823846
104,-0.9520035366053959,-0.9429272444293281,2.2851248793235515,1.05,2.28864255367682
105,-0.9436609595025998,-0.9355495927140386,2.2756461511110118,1.06,2.279249780544737
106,-0.934832084167521,-0.9277040187045431,2.2662532811685727,1.07,2.2699331215921807
107,-0.9255183049792941,-0.9193883152828836,2.2569511258151227,1.08,2.260697267299067
108,-0.9157213878220289,-0.9106005487922455,2.247744525570438,1.09,2.251546928862223
109,-0.9054434725132671,-0.9013390748421728,2.238638301427629,1.1,2.242486835382013
110,-0.894687074793814,-0.8916025544095451,2.229637251103488,1.11,2.233521730889399
111,-0.8834550878735977,-0.8813899701929977,2.2207461452711574,1.12,2.2246563712106866
112,-0.8717507835288514,-0.8707006431733675,2.2119697237795717,1.1300000000000001,2.2158955206676585
113,-0.8595778127465761,-0.8595342493275168,2.2033126918642,1.1400000000000001,2.2072439486112847
114,-0.8469402059129013,-0.8478908364375455,2.1947797163536102,1.1500000000000001,2.1987064257877718
115,-0.8338423725426283,-0.8357708409319852,2.1863754218764475,1.1600000000000001,2.190287720536304
116,-0.8202891005479216,-0.8231751046901361,2.1781043870734234,1.17,2.181992594818494
117,-0.806285555044784,-0.8101048917352992,2.169971140818918,1.18,2.173825800080287
118,-0.7918372766966466,-0.79656190473734,2.1619801584568425,1.19,2.1657920729478115
119,-0.7769501795950714,-0.7825483012398378,2.154135858055374,1.2,2.1578961307595153
120,-0.7616305486782664,-0.7680667095221164,2.1464425966851985,1.21,2.1501426669377715
121,-0.7458850366887874,-0.7531202440017902,2.1389046667258684,1.22,2.1425363462040883
122,-0.7297206606724915,-0.7377125200791361,2.1315262922048896,1.23,2.1350817996429945
123,-0.7131447980214836,-0.7218476683207457,2.124311625174089,1.24,2.127783619620701
124,-0.6961651820644803,-0.7055303478765672,2.1172647421278277,1.25,2.12064635456567
125,-0.6787898972086908,-0.6887657590217215,2.1103896404675537,1.26,2.113674503619295
126,-0.6610273736379767,-0.6715596547124324,2.1036902350171585,1.27,2.1068725111660043
127,-0.642886381572725,-0.6539183510441567,2.0971703545935445,1.28,2.100244761253193
128,-0.6243760250975152,-0.6358487364996033,2.0908337386367717,1.29,2.09379557191254
129,-0.6055057355633138,-0.6173582798748517,2.0846840339040464,1.3,2.087529189395356
130,-0.5862852645715635,-0.5984550367733407,2.078724791231794,1.31,2.081449782335739
131,-0.5667246765481644,-0.5791476545600956,2.0729594623699477,1.32,2.075561435856404
132,-0.546834340915953,-0.5594453756723119,2.0673913968925075,1.33,2.069868145633103
133,-0.5266249238748981,-0.5393580391873174,2.062023839188349,1.34,2.0643738119345705
134,-0.5061073797998117,-0.5188960805550468,2.0568599255361497,1.35,2.0590822336558943
135,-0.4852929422659527,-0.4980705294094896,2.051902681267205,1.36,2.0539971023640966
136,-0.4641931147134634,-0.47689300538211665,2.047155018019806,1.37,2.0491219963755327
137,-0.4428196607621159,-0.45537571185003345,2.0426197310887315,1.3800000000000001,2.044460374885429
138,-0.42118459418837806,-0.4335314275625233,2.038299496873288,1.3900000000000001,2.040015572170505
139,-0.39930016857731454,-0.41137349610165885,2.0341968704272197,1.4000000000000001,2.0357907918861295
140,-0.3771788666623291,-0.3889158131457161,2.0303142831136687,1.4100000000000001,2.031789101479834
141,-0.35483338936622555,-0.36617281151812253,2.0266540403682414,1.42,2.0280134267432586
142,-0.33227664455751293,-0.3431594440194881,2.0232183195731044,1.43,2.0244665465246934
143,-0.30952173553631895,-0.31989116405579004,2.020009168044876,1.44,2.0211510876243426
144,-0.28658194926466873,-0.29638390409182347,2.0170285011389546,1.45,2.0180695198942042
145,-0.26347074435628737,-0.27265405197547427,2.014278100472754,1.46,2.0152241515641114
146,-0.24020173884143972,-0.24871842519498497,2.011759612270183,1.47,2.0126171248149234
147,-0.21678869772266215,-0.22459424314801124,2.009474545829534,1.48,2.0102504116191553
148,-0.19324552033755948,-0.2002990975176921,2.007424272116789,1.49,2.0081258098684716
149,-0.16958622754512898,-0.17585092086697468,2.005610022486203,1.5,2.0062449398064253
150,-0.1458249487523427,-0.1512679535778429,2.004032887529826,1.51,2.0046092407836387
151,-0.12197590879796018,-0.12656870927668493,2.002693816057495,1.52,2.003219968351292
152,-0.09805341471075886,-0.101771938900608,2.0015936142086264,1.53,2.0020781917072776
153,-0.0740718423595613,-0.0768965935718699,2.000732944696983,1.54,2.001184791507805
154,-0.050045623012600515,-0.05196178645857897,2.0001123261894094,1.55,2.000540458055473
155,-0.025989229823902907,-0.0269867538092519,1.9997321328193505,1.56,2.000145689873035
156,-0.0019171642644783778,-0.0019908153565786004,1.9995925938358015,1.57,2.000000792670131
157,0.022156057483809048,0.023006665708293513,1.9996937933881445,1.58,2.000105878708301
158,0.04621591815376032,0.04798632298556235,2.0000356704471565,1.59,2.000460866567551
159,0.07024791301979105,0.07292882713313303,2.0006180188623,1.6,2.001065481315671
160,0.09423756350835051,0.09781492594185258,2.0014404875552123,1.61,2.001919255079431
161,0.11817043077387354,0.12262548401375277,2.0025025808491392,1.62,2.0030215280147203
162,0.14203212922238154,0.14734152184121035,2.003803658933887,1.6300000000000001,2.004371449670636
163,0.16580833996492736,0.17194425409060368,2.005342938465669,1.6400000000000001,2.0059679807405493
164,0.18948482418318588,0.1964151269015238,2.007119493301066,1.6500000000000001,2.0078098951912353
165,0.21304743638962437,0.22073585402177906,2.009132255364128,1.6600000000000001,2.009895782759324
166,0.23648213756484684,0.24488845160917697,2.0113800156454786,1.6700000000000002,2.0122240518025705
167,0.25977500815489174,0.2688552715432206,2.013861425332105,1.68,2.014792932491817
168,0.28291226091147764,0.2926190331032527,2.0165749970663542,1.69,2.0176004803280168
169,0.305880253558419,0.3161628528840075,2.019519106332472,1.7,2.02064457996733
170,0.32866550126771465,0.33947027283483866,2.02269199296887,1.71,2.023922949336079
171,0.3512546889290811,0.36252528632480946,2.026091762804134,1.72,2.0274331440163036
172,0.3736346831970272,0.3853123621522167,2.0297163894146286,1.73,2.031172561881747
173,0.3957925442998973,0.4078164664337214,2.033563716001395,1.74,2.0351384479633836
174,0.4177155375956726,0.43002308232489644,2.037631457383886,1.75,2.039327899523029
175,0.439391144859701,0.45191822754047556,2.0419172021079297,1.76,2.043737871313171
176,0.46080707528993153,0.4734884696587133,2.046418414665171,1.77,2.0483651810009347
177,0.4819512762156562,0.4947209392098767,2.0511324378210944,1.78,2.0532065147339997
178,0.5028119434962081,0.5156033405638295,2.056056495048595,1.79,2.058258432826385
179,0.5233775315965338,0.5361239606458058,2.0611876930639306,1.8,2.0635173755422156
180,0.5436367633270451,0.5562716755226813,2.066523024461762,1.81,2.0689796689559627
181,0.5635786392356585,0.5760359549142395,2.0720593704458636,1.82,2.07464153086812
182,0.5831924466404594,0.5954068646950235,2.077793503651965,1.83,2.0804990767558844
183,0.602467768291964,0.6143750674622929,2.0837220910590775,1.84,2.086548325739125
184,0.6213944906545125,0.63293182125435,2.0898416969855464,1.85,2.092785206542702
185,0.6399628117968977,0.6510689765110115,2.096148786165973,1.86,2.0992055634371063
186,0.6581632488829231,0.6687789713743146,2.102639726905049,1.87,2.10580516214032
187,0.6759866452531802,0.6860548254326386,2.1093107943042577,1.8800000000000001,2.1125796956648095
188,0.6934241770899533,0.7028901320153458,2.1161581735573196,1.8900000000000001,2.1195247900946272
189,0.7104673596577827,0.7192790491478417,2.123177963310167,1.9000000000000001,2.1266360102786654
190,0.7271080531128522,0.7352162892786563,2.130366179081175,1.9100000000000001,2.133908865427228
191,0.7433384678750122,0.75069710789084,2.137718756737309,1.9200000000000002,2.1413388146002044
192,0.7591511695569052,0.7657172911097158,2.1452315560217716,1.93,2.148921272076239
193,0.7745390834453232,0.7802731424178977,2.1529003641287177,1.94,2.156651612593433
194,0.7894954985305852,0.7943614685865634,2.1607208993205194,1.95,2.164525176453175
195,0.8040140710804139,0.8079795649293542,2.1686888145830507,1.96,2.1725372744798244
196,0.8180888277554512,0.821125199982016,2.1767997013144225,1.97,2.180683192829965
197,0.8317141682642453,0.8337965997071116,2.1850490930425726,1.98,2.188958197646008
198,0.844884867556221,0.8459924313188923,2.193432469167093,1.99,2.197357539549862
199,0.8575960775518324,0.857711786818795,2.2019452587206767,2.0,2.205876457973331
200,0.8698433284097797,0.8689541663271126,2.210582844145548,2.01,2.214510185322784
201,0.8816225293318614,0.8797194612912437,2.219340565080259,2.02,2.22325395097645
202,0.8929299689067062,0.890007937645616,2.2282137221522142,2.03,2.232102985113503
203,0.9037623149943268,0.899820218993,2.237197580771352,2.04,2.241052522374793
204,0.9141166141540847,0.9091572698714668,2.246287374920372,2.05,2.250097805355764
205,0.9239902906193598,0.9180203791658545,2.2554783109369794,2.0599999999999996,2.2592340879327275
206,0.9333811448228505,0.9264111437172275,2.264765571283627,2.07,2.268456638424185
207,0.9422873514771097,0.9343314521785692,2.274144318300275,2.0799999999999996,2.277760742589448
208,0.9507074572155634,0.9417834691598368,2.283609697935763,2.09,2.2871417064672244
209,0.9586403777998883,0.9487696197005376,2.2931568434534104,2.0999999999999996,2.296594859057263
210,0.9660853949002773,0.9552925741032677,2.302780879106557,2.11,2.3061155548485046
211,0.9730421524557096,0.9613552331570685,2.3124769237797924,2.1199999999999997,2.3156991761974908
212,0.979510652621978,0.9669607137751919,2.322240094591729,2.13,2.3253411355610667
213,0.9854912513157925,0.9721123350677543,2.3320655104552177,2.1399999999999997,2.335036877587613
214,0.9909846533638798,0.9768136048659755,2.3419482955910347,2.15,2.3447818810712566
215,0.9959919072665417,0.9810682067111024,2.35188358299111,2.1599999999999997,2.354571660773632
216,1.0005143995857038,0.9848799873178361,2.3618665178275173,2.17,2.3644017691178996
217,1.0045538489679944,0.9882529445190004,2.371892260803502,2.1799999999999997,2.374267797759804
218,1.0081122998139302,0.9911912156954107,2.381955991442965,2.19,2.3841653790405966
219,1.0111921156047614,0.9936990666923263,2.392052911314917,2.1999999999999997,2.394090187326691
220,1.013795971899015,0.9957808812215652,2.4021782471895397,2.21,2.404037940240918
221,1.0159268490112316,0.9974411507462632,2.412327254122606,2.2199999999999998,2.414004399790212
222,1.0175880243858215,0.9986844648434047,2.422495218465167,2.23,2.423985373394541
223,1.0187830646793838,0.9995155020375868,2.4326774607954915,2.2399999999999998,2.4339767148218265
224,1.019515817565227,0.9999390210980323,2.4428693387704414,2.25,2.44397432503352
225,1.019790403274197,0.9999598527895968,2.453066249893553,2.26,2.453974152945431
226,1.0196112058862639,0.999582892067424,2.4632636341972765,2.27,2.4639721961082923
227,1.0189828643876513,0.998813090703987,2.4734569768369354,2.28,2.47396450131244
228,1.0179102635085826,0.9976554503364677,2.4836418105941616,2.29,2.4839471651208838
229,1.0163985243569988,0.9961150159218111,2.4938137182876607,2.3,2.4939163343348874
230,1.0144529948638532,0.9941968695862791,2.503968335089372,2.31,2.5038682063960995
231,1.0120792400558147,0.9919061248559558,2.514101350744196,2.32,2.5137990297290798
232,1.0092830321714055,0.9892479212543752,2.5242085116916555,2.3299999999999996,2.5237051040279908
233,1.0060703406367835,0.9862274192532745,2.5342856230880066,2.34,2.533582780491036
234,1.0024473219175176,0.9828497955623827,2.5443285507274656,2.3499999999999996,2.543428462006111
235,0.9984203092628311,0.9791202387441494,2.5543332228614113,2.36,2.553238603290999
236,0.9939958023588855,0.9750439451393795,2.564295631914555,2.3699999999999997,2.5630097109912646
237,0.9891804569077386,0.9706261150898635,2.5742118360972603,2.38,2.5727383437389175
238,0.9839810741486629,0.9658719494442711,2.5840779609133477,2.3899999999999997,2.582421112174714
239,0.9784045903385145,0.9607866463337977,2.5938902005628997,2.4,2.5920546789368886
240,0.9724580662078435,0.9553753982043276,2.6036448192397255,2.4099999999999997,2.6016357586189307
241,0.9661486764093865,0.9496433890921648,2.6133381523233443,2.42,2.611161117698914
242,0.9594836989755303,0.9435957921307264,2.6229666074654774,2.4299999999999997,2.6206275744427434
243,0.9524705048012313,0.9372377672759307,2.6325266655712336,2.44,2.63003199878358
244,0.9451165471687728,0.9305744592383977,2.6420148816753124,2.4499999999999997,2.639371312179557
245,0.9374293513305841,0.9236109956109574,2.6514278857137437,2.46,2.648642487451807
246,0.9294165041661923,0.9163524851803645,2.660762383191797,2.4699999999999998,2.6578425486046924
247,0.9210856439291647,0.9088040164125164,2.670015155748913,2.48,2.6669685706300337
248,0.9124444500997049,0.900970656100898,2.679183061621607,2.4899999999999998,2.6760176792970065
249,0.9035006333582902,0.892857448168365,2.6882630360055013,2.5,2.684987050929309
250,0.8942619256955056,0.8844694126128136,2.697252091317752,2.51,2.6938739121710595
251,0.884736070672899,0.8758115445876781,2.7061473173613257,2.52,2.7026755397428497
252,0.8749308138494052,0.8668888136086127,2.7149458813926977,2.53,2.7113892601892253
253,0.8648538933875111,0.8577061628781031,2.7236450280946993,2.54,2.7200124496188383
254,0.8545130308530063,0.8482685087201639,2.7322420794563858,2.55,2.7285425334384015
255,0.8439159222217529,0.8385807401176364,2.740734434561925,2.56,2.736976986081506
256,0.8330702291065307,0.828647718345006,2.7491195692906443,2.57,2.745313330733298
257,0.8219835702165639,0.8184742766899952,2.757395035930498,2.5799999999999996,2.7535491390519304
258,0.8106635130619175,0.8080652202575637,2.7655584627073457,2.59,2.7616820308876524
259,0.7991175659144742,0.7974253258502831,2.773607553232543,2.5999999999999996,2.7697096740003166
260,0.7873531700367169,0.7865593419193754,2.7815400858714825,2.61,2.7776297837760615
261,0.7753776921890694,0.7754719885810495,2.7893539130357934,2.6199999999999997,2.78544012294382
262,0.7631984174260001,0.7641679576930457,2.7970469604020622,2.63,2.7931385012923093
263,0.750822542190597,0.7526519129866289,2.8046172260599884,2.6399999999999997,2.8007227753880586
264,0.7382571677167441,0.7409284902495219,2.812062779593027,2.65,2.8081908482950197
265,0.7255092937475094,0.7290022975555739,2.8193817610946157,2.6599999999999997,2.8155406692962424
266,0.7125858125777388,0.7168779155371912,2.8265723801232103,2.67,2.8227702336180647
267,0.6994935034283138,0.7045598976968359,2.833632914599394,2.6799999999999997,2.8298775821572226
268,0.6862390271588906,0.6920527707541009,2.840561709648415,2.69,2.8368608012112606
269,0.6728289213253766,0.6793610350251371,2.8473571763915735,2.6999999999999997,2.8437180222125726
270,0.6592695955877472,0.6664891648313832,2.854017790689928,2.71,2.850447421466388
271,0.6455673274732208,0.6534416089347882,2.8605420918438558,2.7199999999999998,2.85704721989298
272,0.6317282584991436,0.6402227909968841,2.866928681252035,2.73,2.863515682774348
273,0.6177583906593437,0.6268371100592769,2.873176221033477,2.7399999999999998,2.869851119505599
274,0.6036635832770255,0.6132889410432709,2.879283432616246,2.75,2.8760518833512285
275,0.5894495502266821,0.5995826352665372,2.8852490952965573,2.76,2.882116371206492
276,0.57512185752681,0.5857225209748655,2.8910720447719407,2.77,2.888043023364013
277,0.5606859213046038,0.5717129038872163,2.896751171652197,2.78,2.8938303232857776
278,0.5461470061331193,0.5575580677523964,2.9022854199518564,2.79,2.8994767973806446
279,0.5315102237407854,0.5432622749158535,2.907673785567879,2.8,2.9049810147874675
280,0.516780532092455,0.5288297668951683,2.9129153147463027,2.81,2.910341587163931
281,0.5019627348405853,0.5142647649629809,2.918009102541554,2.82,2.915557168481183
282,0.48706148114444703,0.49957147073615793,2.922954291272117,2.8299999999999996,2.9206264548243266
283,0.4720812658546725,0.48475406677015415,2.92775006897622,2.84,2.9255481841988273
284,0.4570264300597878,0.46981671715758305,2.9323956678711824,2.8499999999999996,2.9303211363428923
285,0.4419011619907549,0.4547635681301205,2.936890362820018,2.86,2.934944132545847
286,0.42670949827895355,0.4395987486629614,2.9412334698088585,2.8699999999999997,2.9394160354725454
287,0.41145532556238673,0.4243263710810988,2.9454243444387016,2.88,2.9437357489938396
288,0.3961423824343351,0.4089505316668142,2.9494623804349342,2.8899999999999997,2.9479022180231076
289,0.38077426172805595,0.3934753112677918,2.953347008178037,2.9,2.9519144283588736
290,0.36535441313058686,0.37790477590538185,2.957077693258775,2.9099999999999997,2.955771406533499
291,0.3498861461181062,0.3622429773825581,2.9606539350611536,2.92,2.9594722196679593
292,0.3343726332047947,0.34649395389121235,2.964075265376295,2.9299999999999997,2.9630159753327
293,0.3188169134965619,0.3306617306184416,2.967341247050333,2.94,2.9664018214145567
294,0.30322189654052195,0.3147503203515797,2.9704514726693394,2.9499999999999997,2.9696289459897325
295,0.2875903664605551,0.29876372408172314,2.973405563284179,2.96,2.9726965772028215
296,0.2719249863688439,0.28270593160559426,2.9762031671781073,2.9699999999999998,2.9756039831518564
297,0.2562283030427589,0.2665809221255759,2.978843958679823,2.98,2.9783504717793647
298,0.24050275185605904,0.2503926648478379,2.9813276370245667,2.9899999999999998,2.9809353907694196
299,0.22475066195289384,0.23414511957846307,2.9836539252657617,3.0,2.983358127450661
300,0.20897426165272392,0.21784223731755853,2.9858225692395486,3.01,2.9856181087052636
301,0.19317568407383914,0.20148796085132176,2.9878333365844862,3.02,2.9877148008838414
302,0.17735697296282446,0.18508622534210362,2.9896860158185152,3.03,2.9896477097262615
303,0.16152008871692908,0.16864095891649003,2.991380415475201,3.04,2.9914163802883458
304,0.14566691458600972,0.15215608325149135,2.9929163633011036,3.05,2.9930203968744453
305,0.12979926304036904,0.13563551415890363,2.9942937055160135,3.06,2.99445938297587
306,0.11391888229057173,0.11908316216797107,2.9955123061376323,3.07,2.995733001215151
307,0.09802746294501899,0.10250293310644773,2.996572046372154,3.08,2.996840953296119
308,0.08212664479087003,0.08589872868021903,2.9974728240720534,3.09,2.9977829799597915
309,0.06621802368364814,0.06927444705161014,2.9982145532622346,3.0999999999999996,2.998558860946045
310,0.050303158530721044,0.05263398341656018,2.998797163735562,3.11,2.999168414961068
311,0.03438357835366233,0.03598123058082576,2.999220600718631,3.1199999999999997,2.9996114996505754
312,0.01846078941436618,0.019320079535384484,2.9994848246084933,3.13,2.99988801157879
313,0.0025362823897039566,0.0026544200312417737,2.9995898107808983,3.1399999999999997,2.9999978862131615
314,-0.013388460420610697,-0.0140118588461924,2.9995355494704627,3.15,2.999941097914847
315,-0.029311957868293666,-0.03067486810294053,2.9993220457230194,3.1599999999999997,2.99971765993492
316,-0.04523272272831998,-0.04733071826233745,2.998949319420245,3.17,2.9993276244163285
317,-0.06114925448369114,-0.0639755187907347,2.998417405376526,3.1799999999999997,2.998771082401595
318,-0.0770600321385433,-0.08060537752285946,2.9977263535078364,3.19,2.9980481638462564
319,-0.09296350707490583,-0.09721640008661386,2.9968762290722926,3.1999999999999997,2.9971590376380566
320,-0.1088580959683913,-0.11380468932715183,2.995867112981845,3.21,2.996103911621895
321,-0.12474217377795205,-0.13036634473002917,2.994699102184466,3.2199999999999998,2.9948830326305353
322,-0.14061406682475786,-0.14689746184327765,2.993372310115999,3.23,2.993496686521091
323,-0.15647204597505326,-0.1633941316982148,2.991886867220718,3.2399999999999998,2.9919451982172975
324,-0.17231431994171983,-0.17985244022886043,2.9902429215394726,3.25,2.990228931757577
325,-0.18813902871902377,-0.19626846768979433,2.988440639364164,3.26,2.9883482903489234
326,-0.20394423716484555,-0.212638288072352,2.986480205957151,3.27,2.9863037164266144
327,-0.21972792874439442,-0.22895796851902422,2.984361826334033,3.28,2.98409569171977
328,-0.23548799944917875,-0.24522356873599038,2.9820857261081355,3.29,2.9817247373227747
329,-0.25122225190466124,-0.2614311404036883,2.9796521523948716,3.3,2.97919141377259
330,-0.26692838967975163,-0.2775767265853937,2.9770613747740255,3.31,2.976496321131964
331,-0.2826040118108991,-0.2936563611337568,2.9743136863078883,3.32,2.9736400990785703
332,-0.298246607553228,-0.3096660680953197,2.971409404613013,3.33,2.9706234270000893
333,-0.31385355137072646,-0.3256018611130169,2.9683488729832863,3.34,2.967447024095254
334,-0.32942209817713564,-0.3414597428267422,2.965132461561849,3.3499999999999996,2.9641116494808863
335,-0.34494937883871835,-0.3572357042720541,2.9617605685593036,3.36,2.9606181023049247
336,-0.3604323959496648,-0.3729257242771583,2.9582336215155487,3.3699999999999997,2.9569672218654888
337,-0.3758680198904263,-0.38852576885833956,2.9545520786024446,3.38,2.9531598877359704
338,-0.3912529851787596,-0.4040317906140406,2.9507164299644435,3.3899999999999997,2.949197019896182
339,-0.40658388712280413,-0.41943972811786223,2.9467271990942074,3.4,2.94507957886957
340,-0.4218571787849516,-0.4347455053107721,2.942584944240149,3.4099999999999997,2.940808565866501
341,-0.4370691682647805,-0.44994503089290205,2.9382902598427387,3.42,2.9363850229336292
342,-0.45221601630873726,-0.46503419771532767,2.9338437779963673,3.4299999999999997,2.931810033109347
343,-0.4672937342537278,-0.4800088821723283,2.9292461699334313,3.44,2.9270847205853117
344,-0.48229818231116717,-0.4948649435946509,2.9244981475273026,3.4499999999999997,2.9222102508740524
345,-0.4972250681974922,-0.5095982236444044,2.9196004648107166,3.46,2.9171878309826305
346,-0.5120699461165044,-0.5242045457122572,2.9145539195061083,3.4699999999999998,2.9120187095923407
347,-0.5268282160983443,-0.5386797143177154,2.9093593545643417,3.48,2.90670417724443
348,-0.5414951236992462,-0.5530195145133199,2.90401765970825,3.4899999999999998,2.90124556653179
349,-0.5560657600656332,-0.5672197112937141,2.8985297729773585,3.5,2.8956442522965875
350,-0.5705350623654512,-0.5812760490106046,2.8928966822701345,3.51,2.8899016518337697
351,-0.584897814589036,-0.5951842507947713,2.8871194268800755,3.52,2.8840192251003964
352,-0.5991486487211368,-0.6089400179863526,2.881199099021936,3.53,2.8779984749306995
353,-0.6132820462851044,-0.6225390295747899,2.8751368453443704,3.54,2.8718409472568016
354,-0.6272923402595753,-0.6359769416498968,2.8689338684252768,3.55,2.8655482313349774
355,-0.6411737173673676,-0.6492493868656855,2.8625914282461076,3.56,2.8591219599773394
356,-0.6549202207356194,-0.6623519739186865,2.8561108436414377,3.57,2.8525638097888213
357,-0.6685257529255884,-0.6752802870426777,2.849493493720077,3.58,2.8458755014092896
358,-0.6819840793298464,-0.6880298855218573,2.842740819254051,3.59,2.839058799760626
359,-0.6952888319339958,-0.7005963032246949,2.8358543240317777,3.5999999999999996,2.8321155142985672
360,-0.7084335134393599,-0.7129750481608348,2.828835576171828,3.61,2.8250474992691013
361,-0.7214115017424834,-0.7251616020636269,2.821686209393663,3.6199999999999997,2.817856653969165
362,-0.734216054766648,-0.7371514200010536,2.814407924241815,3.63,2.810544923011377
363,-0.7468403156399649,-0.7489399300180005,2.8070024892600203,3.6399999999999997,2.803114296592507
364,-0.7592773182140209,-0.7605225328130659,2.7994717421118507,3.65,2.7955668107653526
365,-0.7715199929164113,-0.7718946014532899,2.7918175906445026,3.6599999999999997,2.7879045477136635
366,-0.7835611729299315,-0.7830514811304516,2.7840420138923987,3.67,2.78012963602971
367,-0.7953936006905769,-0.7939884889627985,2.7761470630174165,3.6799999999999997,2.7722442509940675
368,-0.8070099346959589,-0.8047009138463597,2.7681348621825643,3.69,2.7642506148571364
369,-0.8184027566151503,-0.8151840163602273,2.760007609356067,3.6999999999999997,2.756150997121888
370,-0.8295645786904547,-0.8254330287305133,2.751767577042877,3.71,2.747947714827262
371,-0.8404878514210302,-0.8354431548579354,2.74341711294076,3.7199999999999998,2.7396431328316164
372,-0.8511649715178076,-0.8452095704143352,2.734958640518169,3.73,2.731239664095555
373,-0.8615882901186124,-0.85472742301371,2.726394659511264,3.7399999999999998,2.7227397699634293
374,-0.8717501212519415,-0.8639918324636955,2.7177277463375287,3.75,2.7141459604427256
375,-0.8816427505373474,-0.8729978911037566,2.708960554423551,3.76,2.705460794480516
376,-0.8912584441099674,-0.8817406642367125,2.700095814444672,3.77,2.696686880236061
377,-0.9005894577562674,-0.8902151906605631,2.6911363344743235,3.78,2.6878268753486037
378,-0.9096280462477011,-0.8984164833079803,2.682085000041005,3.79,2.678883487199313
379,-0.9183664728585529,-0.9063395300011824,2.6729447740909906,3.8,2.6698594731662637
380,-0.9267970190539072,-0.913979294330327,2.6637186968549984,3.81,2.660757640871254
381,-0.9349119943333052,-0.9213307166639292,2.6544098856171887,3.82,2.651580848417188
382,-0.9427037462153538,-0.9283887153002387,2.645021534385003,3.83,2.6423320046146563
383,-0.9501646703482343,-0.9351481877689006,2.6355569134585277,3.84,2.6330140691962614
384,-0.957287220730793,-0.9416040122926476,2.626019368898169,3.8499999999999996,2.623630053017129
385,-0.9640639200286378,-0.9477510494191785,2.6164123218896442,3.86,2.6141830182399675
386,-0.9704873699694381,-0.9535841438337858,2.606739268005399,3.8699999999999997,2.604676078502909
387,-0.97655026180143,-0.9590981263637179,2.597003776361732,3.88,2.5951123990682765
388,-0.982245386798938,-0.9642878161856395,2.587209488671103,3.8899999999999997,2.5854951969503
389,-0.9875656467985912,-0.9691480232479666,2.577360118189203,3.9,2.575827741019695
390,-0.9925040647497653,-0.9736735509202119,2.5674594485565887,3.9099999999999997,2.566113352082894
391,-0.9970537952627071,-0.9778591988818517,2.5575113325348013,3.92,2.556355402933595
392,-1.0012081351376985,-0.9816997662635434,2.547519690637093,3.9299999999999997,2.546557318374171
393,-1.0049605338585967,-0.9851900550538564,2.53748850965402,3.94,2.536722575204352
394,-1.008304604034046,-0.9883248737849315,2.5274218410743514,3.9499999999999997,2.526854702174456
395,-1.0112341317696782,-0.9910990415107431,2.5173237994018938,3.96,2.5169572799003115
396,-1.0137430869546449,-0.9935073920918168,2.5071985603690132,3.9699999999999998,2.5070339407368762
397,-1.015825633445887,-0.9955447788004109,2.497050359047785,3.98,2.497088368607418
398,-1.0174761391336342,-0.9972060792602384,2.4868834878598833,3.9899999999999998,2.4871242987849858
399,-1.0186891858717404,-0.9984862007348316,2.476702294486474,4.0,2.477145517622747
400,-1.0194595792566008,-0.9993800857785884,2.4665111796795562,4.01,2.467155862229644
401,-1.0197823582385601,-0.9998827182643859,2.4563145949763303,4.02,2.4571592200876675
402,-1.0196528045499194,-0.9999891298014172,2.4461170403183576,4.03,2.4471595286069086
403,-1.0190664519338564,-0.9996944065565518,2.4359230615774288,4.04,2.437160774614439
404,-1.0180190951588286,-0.9989936964920668,2.4257372479901926,4.05,2.427166993772889
405,-1.0165067988032856,-0.9978822170319988,2.4155642295037856,4.06,2.4171822699245293
406,-1.0145259057958171,-0.9963552631686505,2.405408674034818,4.07,2.4072107343564895
407,-1.0120730456961753,-0.9944082160199097,2.3952752846442507,4.08,2.3972565649826723
408,-1.0091451427029512,-0.9920365518469919,2.3851687966308064,4.09,2.3873239854377917
409,-1.0057394233740498,-0.9892358515410276,2.3750939745457353,4.1,2.3774172640789026
410,-1.0018534240464914,-0.9860018105855037,2.365055609131868,4.109999999999999,2.3675407128896895
411,-0.9974849979424745,-0.9823302494999928,2.3550585141900267,4.12,2.357698686282726
412,-0.9926323219490734,-0.9782171247687966,2.345107523375999,4.13,2.3478955797948777
413,-0.987293903059374,-0.9736585402561225,2.3352074869313935,4.14,2.33813582867098
414,-0.9814685844633461,-0.9686507591071634,2.3253632683518304,4.1499999999999995,2.3284239063309435
415,-0.9751555512772193,-0.9631902161319756,2.315579740996019,4.16,2.3187643227154204
416,-0.96835433590065,-0.9572735306663257,2.3058617846393985,4.17,2.30916162250525
417,-0.961064822991482,-0.9508975199006939,2.2962142819761024,4.18,2.2996203832099376
418,-0.9532872540484574,-0.9440592126654117,2.2866421150731346,4.1899999999999995,2.2901452131205593
419,-0.945022231592785,-0.9367558636564096,2.277150161780713,4.2,2.2807407491225926
420,-0.9362707229400514,-0.9289849680823266,2.267743292102846,4.21,2.271411654364371
421,-0.9270340635545369,-0.9207442767097249,2.2584263645322586,4.22,2.2621626157770454
422,-0.9173139599786259,-0.9120318112789433,2.2492042223539044,4.2299999999999995,2.252998341442226
423,-0.9071124923305826,-0.9028458802586277,2.2400816899213356,4.24,2.2439235578037375
424,-0.8964321163646207,-0.8931850949023132,2.231063568910275,4.25,2.2349430067202927
425,-0.8852756650877963,-0.8830483855655126,2.2221546345537995,4.26,2.22606144235625
426,-0.8736463499289412,-0.8724350182367417,2.213359631863592,4.27,2.2172836279081016
427,-0.8615477614554704,-0.8613446112306575,2.204683271841764,4.28,2.2086143321647858
428,-0.848983869634586,-0.8497771519861861,2.1961302276877803,4.29,2.2000583259005015
429,-0.8359590236360434,-0.8377330139070851,2.187705131005065,4.3,2.1916203780992656
430,-0.8224779511743514,-0.8252129731769865,2.179412568011879,4.31,2.1833052520111433
431,-0.8085457573889255,-0.8122182254755133,2.1712570757610896,4.32,2.1751177010407488
432,-0.7941679232614194,-0.798750402516756,2.1632431383734465,4.33,2.167062464469418
433,-0.7793503035701144,-0.7848115883261584,2.155375183289001,4.34,2.159144263013219
434,-0.764099124381975,-0.7704043351669061,2.1476575775412976,4.35,2.151367794219878
435,-0.7484209800836205,-0.7555316790221507,2.140094624058945,4.36,2.1437377277085807
436,-0.732322829953179,-0.7401971545350547,2.132690557999183,4.37,2.136258700257581
437,-0.7158119942756408,-0.7244048093046765,2.125449543118008,4.38,2.1289353107455358
438,-0.6988961500050521,-0.7081592174323206,2.1183756681814176,4.39,2.1217721149535502
439,-0.6815833259775197,-0.6914654922101104,2.111472943422286,4.3999999999999995,2.1147736202359493
440,-0.6638818976796921,-0.6743292978414039,2.104745297047327,4.41,2.107944280068913
441,-0.6458005815780532,-0.6567568600812925,2.098196571798585,4.42,2.1012884884872203
442,-0.6273484290149799,-0.6387549756848468,2.091830521573793,4.43,2.0948105744204435
443,-0.6085348196782303,-0.6203310205512093,2.0856508081099143,4.4399999999999995,2.0885147959410983
444,-0.5893694546510997,-0.6014929564529526,2.079660997734094,4.45,2.0824053344383313
445,-0.5698623490511634,-0.5822493362426121,2.0738645581861697,4.46,2.076486288731842
446,-0.5500238242660902,-0.5626093074318003,2.0682648555168166,4.47,2.0707616691417843
447,-0.5298644997956808,-0.542582614043106,2.062865151065312,4.4799999999999995,2.06523539153144
448,-0.5093952847098112,-0.5221795966408261,2.05766859852081,4.49,2.0599112713404004
449,-0.4886273687325906,-0.5014111904537639,2.0526782410709115,4.5,2.054793017626911
450,-0.46757221296355245,-0.4802889215116281,2.0478970086412183,4.51,2.0498842271388575
451,-0.446241540247312,-0.45882490072618853,2.043327715229444,4.52,2.045188378433613
452,-0.4246473252035841,-0.4370318158590055,2.0389730563375315,4.53,2.040708826067597
453,-0.40280178393002103,-0.4149229213294493,2.0348356065051267,4.54,2.036448794876922
454,-0.380717363390769,-0.3925120258295685,2.0309178169475937,4.55,2.032411374370902
455,-0.3584067305041848,-0.36981347772629,2.027222013301668,4.56,2.028599513260467
456,-0.3358827609435404,-0.34684214824605963,2.0237503934816803,4.57,2.0250160141436435
457,-0.31315852766502744,-0.3236134124525,2.0205050256491432,4.58,2.0216635283702447
458,-0.29024728917773474,-0.30014312804358934,2.0174878462983656,4.59,2.018544551107705
459,-0.2671624775707283,-0.2764476120113141,2.0147006584605887,4.6,2.0156614166296856
460,-0.24391768631266264,-0.2525436152232877,2.012145130029009,4.61,2.0130162938485183
461,-0.2205266578397501,-0.22844829500251387,2.0098227922068714,4.62,2.0106111821119224
462,-0.1970032709481778,-0.20417918579789152,2.0077350380806753,4.63,2.0084479072835473
463,-0.17336152800743268,-0.17975416805422992,2.0058831213203656,4.64,2.006528118125914
464,-0.1496155420111929,-0.15519143540598448,2.004268155008217,4.6499999999999995,2.0048532830031456
465,-0.12577952348273078,-0.1305094603337016,2.0028911105979508,4.66,2.00342468691957
466,-0.10186776725199405,-0.10572695843590385,2.0017528170054564,4.67,2.0022434289088116
467,-0.07789463912168289,-0.08086285148167402,2.0008539598323045,4.68,2.001310419786405
468,-0.0538745624398825,-0.05593622942048129,2.0001950807230893,4.6899999999999995,2.000626380277247
469,-0.02982200459687691,-0.030966311535412145,1.999776576857432,4.7,2.0001918395273948
470,-0.005751463463943225,-0.005972406934061805,1.999598700577327,4.71,2.0000071340078027
471,0.01832254620804619,0.019026125422461827,1.9996615591503115,4.72,2.0000724068156344
472,0.04238550641224804,0.04400991694750499,1.999965114668776,4.7299999999999995,2.0003876073767395
473,0.06642290951377701,0.06895962970652125,2.000509184085549,4.74,2.000952491550829
474,0.0904202718639508,0.09385599653659044,2.0012934393857056,4.75,2.001766622138818
475,0.11436314738294326,0.11867986080155239,2.0023174078943784,4.76,2.002829369789699
476,0.1382371410929089,0.1434122155798906,2.003580472720159,4.77,2.00413991430231
477,0.16202792258379353,0.1680342420879533,2.005081873333511,4.78,2.005697246315314
478,0.18572123939408824,0.1925273471482359,2.0068207062794285,4.79,2.0075001693767884
479,0.20930293028897204,0.2168731995214276,2.0087959260234074,4.8,2.009547302382973
480,0.23275893841836762,0.24105376493135275,2.011006345929609,4.81,2.0118370823739267
481,0.2560753243376929,0.2650513396239562,2.013450639369931,4.82,2.0143677676722445
482,0.2792382788742388,0.28884858231462923,2.0161273409625324,4.83,2.017137441349411
483,0.302234135822397,0.312428544392515,2.019034847938177,4.84,2.020144015003022
484,0.32504938445114556,0.33577469826552747,2.022171421632604,4.85,2.0233852328268394
485,0.3476706818075561,0.35887096374573635,2.025535189102971,4.86,2.0268586759545792
486,0.3700848648003427,0.3817017323910353,2.029124144866239,4.87,2.03056176705739
487,0.3922789620478548,0.4042518897356447,2.0329361527572334,4.88,2.0344917751742524
488,0.41424020547520624,0.4265068353585785,2.036968947903943,4.89,2.0386458207538993
489,0.435956041645678,0.4484525007557821,2.0412201388174678,4.8999999999999995,2.0430208808864667
490,0.457414142811895,0.47007536499780367,2.0456872095939,4.91,2.0476137947028
491,0.4786024176726999,0.49136246817056506,2.0503675222252506,4.92,2.0524212689192467
492,0.4995090218221302,0.5123014226118934,2.0552583190164198,4.93,2.0574398835058214
493,0.5201223678773024,0.5328804219706785,2.060356725105061,4.9399999999999995,2.062666097455822
494,0.5404311352725575,0.5530882481289581,2.065659751081066,4.95,2.0680962546353103
495,0.5604242797076775,0.5729142760395357,2.0711642957022676,4.96,2.0737265896913404
496,0.5800910422385473,0.5923484765430587,2.0768671487028576,4.97,2.079553233998413
497,0.599420957999118,0.6113814172385427,2.0827649936908634,4.9799999999999995,2.0855722216232886
498,0.6184038645441396,0.6300042614903173,2.088854411130964,4.99,2.0917794952891273
499,0.6370299098026574,0.6482087656620389,2.095131881408794,5.0,2.0981709123207453
500,0.6552895596328951,0.6659872746749602,2.101593787972797,5.01,2.1047422505537585
501,0.6731736049696889,0.68333271599287,2.1082364205496003,5.02,2.1114892141913475
502,0.6906731685563048,0.7002385921402934,2.1150559784287832,5.03,2.1184074395934513
503,0.7077797112530528,0.7166989718634531,2.122048573812866,5.04,2.1254925009842647
504,0.7244850379157859,0.7327084800454227,2.129210235228232,5.05,2.132739916065023
505,0.7407813028379612,0.7482622864876881,2.1365369109926586,5.06,2.1401451515201755
506,0.7566610147506514,0.7633560936702842,2.144024472735066,5.07,2.1477036284061755
507,0.772117041375507,0.7779861236016333,2.1516687189630295,5.08,2.155410727413226
508,0.7871426135263837,0.7921491038674526,2.1594653786735747,5.09,2.1632617939914334
509,0.8017313287559652,0.805842252985537,2.16741011500271,5.1,2.1712521433338874
510,0.8158771545444466,0.8190632651701066,2.1754985289091446,5.11,2.1793770652102533
511,0.8295744310279799,0.8318102946056748,2.1837261628875853,5.12,2.1876318286454723
512,0.8428178732653062,0.844081939326241,2.192088504707019,5.13,2.1960116864391552
513,0.8556025730416398,0.8558772247910134,2.2005809911693404,5.14,2.2045118795221663
514,0.8679240002095957,0.8671955872430245,2.2091990118837117,5.1499999999999995,2.21312764114782
515,0.8797780035676149,0.8780368569318711,2.217937913052009,5.16,2.2218542009159092
516,0.8911608112770225,0.8884012412765254,2.22679300126075,5.17,2.2306867886286064
517,0.9020690308195591,0.8982893080388017,2.235759547274896,5.18,2.23962063797799
518,0.9124996484978616,0.9077019685725927,2.2448327898289353,5.1899999999999995,2.2486509900656255
519,0.9224500284820789,0.9166404612086022,2.2540079394107044,5.2,2.25777309675528
520,0.9319179114064485,0.9251063348289039,2.2632801820334145,5.21,2.2669822238603756
521,0.9409014125203395,0.9331014326804059,2.272644682991423,5.22,2.2762736541683593
522,0.9493990193988872,0.9406278764711337,2.2820965905952972,5.2299999999999995,2.285642690304577
523,0.9574095892190196,0.9476880507882889,2.2916310398818176,5.24,2.295084657438692
524,0.9649323456072794,0.9542845878722465,2.3012431562945803,5.25,2.3045949058370363
525,0.9719668750664893,0.9604203527760793,2.3109280593309838,5.26,2.3141688132646103
526,0.9785131229888873,0.966098428935842,2.320680866151393,5.27,2.3238017872407073
527,0.9845713892639831,0.9713221041727543,2.3304966951464094,5.28,2.333489267152387
528,0.9901423234899451,0.976094857144546,2.340370669458223,5.29,2.343226726230202
529,0.9952269197979086,0.9804203442596391,2.3502979204521455,5.3,2.3530096733907464
530,0.9998265112991344,0.9843023870644703,2.3602735911344803,5.31,2.362833654950699
531,1.0039427641654894,0.9877449601111825,2.3702928395130316,5.32,2.3726942562171423
532,1.0075776713542313,0.990752179310062,2.38035084189662,5.33,2.3825871029589707
533,1.010733545988585,0.9933282907684992,2.3904427961301282,5.34,2.3925078627642677
534,1.0134130144060662,0.9954776601159043,2.400563924761671,5.35,2.402452246288495
535,1.0156190088869794,0.9972047623118802,2.41070947813864,5.36,2.4124160083983526
536,1.0173547600759463,0.9985141719330553,2.4208747374294903,5.37,2.4223949492161148
537,1.0186237891097492,0.9994105539322989,2.4310550175682666,5.38,2.4323849150692127
538,1.0194298994651596,0.9998986548625418,2.4412456701189846,5.39,2.4423817993497274
539,1.0197771685408028,0.9999832945561439,2.451442086057161,5.3999999999999995,2.4523815432884133
540,1.0196699389874606,0.999669358249626,2.461639698465885,5.41,2.462380136647749
541,1.0191128098015394,0.9989617891426328,2.4718339851439977,5.42,2.4723736183384157
542,1.0181106271967344,0.9978655813792017,2.4820204711240854,5.43,2.482358076963492
543,1.016668475269204,0.9963857734387583,2.492194731098147,5.4399999999999995,2.4923296512945123
544,1.01479166647182,0.9945274419237398,2.50235239174894,5.45,2.5022845306834363
545,1.0124857319132898,0.9922956957303467,2.512489133985179,5.46,2.512218955414416
546,1.0097564114981497,0.9896956705886347,2.522600695078927,5.47,2.5221292169991383
547,1.0066096439238081,0.9867325239579695,2.5326828707036464,5.4799999999999995,2.5320116584193446
548,1.0030515565509717,0.9834114302637629,2.5427315168715827,5.49,2.5418626743200314
549,0.9990884551639097,0.9797375764613927,2.552742551769275,5.5,2.551678711156663
550,0.9947268136371077,0.9757161579132547,2.562711957490207,5.51,2.561456267299601
551,0.9899732635249512,0.9713523745650181,2.572635781663708,5.52,2.5711918930988147
552,0.9848345835911031,0.9666514274073131,2.5825101389794454,5.53,2.580882190911787
553,0.9793176892942806,0.961618515209313,2.5923312126069704,5.54,2.590523815097411
554,0.9734296222471093,0.9562588315109136,2.6020952555099846,5.55,2.6001134719785295
555,0.9671775396647193,0.9505775618605282,2.611798591655122,5.56,2.6096479197756275
556,0.9605687038196716,0.9445798812858249,2.6214376171152343,5.57,2.6191239685140872
557,0.9536104715197271,0.9382709519850925,2.6310088010673276,5.58,2.6285384799072524
558,0.9463102836248451,0.9316559212272806,2.6405086866854655,5.59,2.6378883672174713
559,0.9386756546196786,0.9247399194491569,2.649933891929095,5.6,2.6471705950971267
560,0.9307141622576486,0.9175280585384095,2.659281110227449,5.61,2.656382179411581
561,0.9224334372925063,0.9100254302919367,2.6685471110608128,5.62,2.6655201870458303
562,0.9138411533130559,0.9022371050389595,2.6777287404396097,5.63,2.674581735696587
563,0.9049450166965013,0.8941681304190325,2.6868229212824106,5.64,2.6835639936513616
564,0.8957527566955811,0.8858235303054129,2.695826653694137,5.6499999999999995,2.6924641795560684
565,0.8862721156743945,0.8772083038646736,2.704737015145867,5.66,2.7012795621725507
566,0.876510839507496,0.8683274247438527,2.713551160557799,5.67,2.710007460127343
567,0.866476668156497,0.859185840376816,2.7222663222870884,5.68,2.7186452416529185
568,0.856177326438075,0.8497884714019328,2.7308798100223926,5.6899999999999995,2.727190324322551
569,0.845620514996889,0.8401402111835178,2.739389010587109,5.7,2.735640174779886
570,0.8348139014965197,0.8302459254298974,2.747791387653421,5.71,2.7439923084642106
571,0.8237651120411079,0.8201104519012956,2.7560844813694025,5.72,2.7522442893323635
572,0.8124817228399587,0.8097386002011259,2.7642659079015357,5.7299999999999995,2.760393729578142
573,0.8009712521268841,0.7991351516445881,2.7723333588951427,5.74,2.768438289350016
574,0.7892411523456102,0.7883048591988291,2.780284600855331,5.75,2.7763756764678864
575,0.7772988026120456,0.7772524474892163,2.7881174744511705,5.76,2.7842036461395883
576,0.765151501463739,0.7659826128666285,2.795829893745919,5.77,2.791920000677756
577,0.7528064599062867,0.7545000235309213,2.8034198453562174,5.78,2.7995225892176534
578,0.740270794765937,0.7428093197060426,2.810885387543274,5.79,2.807009307436495
579,0.727551522357054,0.7309151138625214,2.818224649239147,5.8,2.814378097274766
580,0.7146555524725722,0.7188219909833498,2.8254358290113006,5.81,2.8216269466599804
581,0.7015896827049528,0.7065345088694918,2.83251719396872,5.82,2.8287538892333006
582,0.6883605931045884,0.6940571984815237,2.8394670786129113,5.83,2.835757004079398
583,0.6749748411819734,0.6813945643141079,2.846283883637207,5.84,2.8426344154598957
584,0.6614388572593796,0.6685510848002555,2.852966074677831,5.85,2.8493842925507065
585,0.64775894017712,0.6555312127425068,2.8595121810202473,5.86,2.856004849183552
586,0.6339412533588882,0.6423393757683815,2.8659207942643685,5.87,2.8624943435919135
587,0.6199918212399865,0.6289799768076044,2.8721905669522267,5.88,2.868851078161653
588,0.6059165260616729,0.6154573945888347,2.878320211161756,5.89,2.875073399186504
589,0.5917211050341585,0.6017759841537516,2.8843084970703563,5.8999999999999995,2.881159696628615
590,0.5774111478701747,0.5879400773865281,2.8901542514919445,5.91,2.8871084038843184
591,0.5629920946903739,0.5739539835568822,2.895856356391192,5.92,2.892917997555256
592,0.5484692343011611,0.5598219898750024,2.9014137473786876,5.93,2.8985869972250033
593,0.5338477028449404,0.5455483620568293,2.9068254121907344,5.9399999999999995,2.9041139652412924
594,0.5191324828220734,0.531137344898252,2.912090389157508,5.95,2.909497506503932
595,0.504328402483234,0.516593162856933,2.9172077656632927,5.96,2.9147362682585096
596,0.48944013559016436,0.5019200206405524,2.9221766766024815,5.97,2.919828939895949
597,0.4744722015422488,0.4871221038004113,2.926996302835015,5.9799999999999995,2.9247742527579703
598,0.4594289658656393,0.47220357932939094,2.931665869644905,5.99,2.9295709799485166
599,0.4443146410610799,0.45716859626338857,2.936184645205442,6.0,2.9342179361511698
600,0.4291332878059173,0.44202128628540505,2.940551939054659,6.01,2.9387139774526045
601,0.4138888165052287,0.42676576433158764,2.9447671005845657,6.02,2.943058001172085
602,0.39858498918634144,0.41140612919856046,2.9488295175476127,6.03,2.947248945697032
603,0.3832254217304726,0.3959464641514831,2.952738614583794,6.04,2.9512857903246674
604,0.3678135864345948,0.3803908375323097,2.9564938517717265,6.05,2.9551675551097447
605,0.35235281489611975,0.3647433033678302,2.960094723206959,6.06,2.958893300718352
606,0.33684630121238684,0.34900790197708703,2.9635407556107234,6.07,2.962462128287803
607,0.3212971054864423,0.3331886605778525,2.966831506972203,6.08,2.9658731792925876
608,0.30570815763003356,0.31728959389186323,2.9699665652273657,6.09,2.969125635416392
609,0.29008226145428195,0.30131470474860916,2.972945546977268,6.1,2.972218718430155
610,0.2744220990379573,0.28526798468746517,2.9757680962486637,6.11,2.975151690076159
611,0.25873023536284057,0.2691534145580344,2.9784338832996355,6.12,2.9779238519581313
612,0.24300912320516732,0.2529749651185716,2.980942603472878,6.13,2.980534545437341
613,0.22726110827175522,0.2367365976324408,2.9832939760991226,6.14,2.9829831515346696
614,0.21148843456895483,0.22044226446254195,2.9854877434530973,6.15,2.985269090838634
615,0.1956932499922009,0.20409590966371166,2.9875236697642924,6.16,2.9873918234193484
616,0.17987761212352846,0.1877014695730903,2.9894015402846725,6.17,2.989350848748394
617,0.16404349422411454,0.17126287339852517,2.991121160415346,6.18,2.9911457056245903
618,0.14819279140852276,0.1547840438050503,2.992682354894081,6.1899999999999995,2.99277597210563
619,0.13232732698704924,0.13826889749953514,2.994084967045422,6.2,2.9942412654455817
620,0.11644885896227959,0.12172134581361128,2.995328858094999,6.21,2.995541242038219
621,0.10055908666567931,0.10514529528497579,2.99641390654953,6.22,2.99667559736618
622,0.0846596575198473,0.08854464823723408,2.9973400076438197,6.2299999999999995,2.997644065955926
623,0.06875217391180083,0.07192330335840744,2.9981070728559502,6.24,2.998446421338494
624,0.052838200162509084,0.05528515627828149,2.9987150294916987,6.25,2.9990824760160315
625,0.036919269577690296,0.038634100144741654,2.9991638203390716,6.26,2.9995520814340932
626,0.020996891564799183,0.021974026199301572,2.9994534033936855,6.27,2.999855127959701
627,0.005072558800969078,0.005308824351985363,2.9995837516555897,6.28,2.9999915448651575
628,-0.010852245563374722,-0.011357616244230043,2.9995548529979588,6.29,2.9999613003175987
629,-0.026776040680613622,-0.028021406619243804,2.9993667101079318,6.3,2.9997644013743
630,-0.04269734077711339,-0.04467865741170729,2.9990193404997325,6.31,2.999400893983715
631,-0.05861464793490705,-0.06132547829477641,2.998512776600036,6.32,2.998870862992259
632,-0.07452644489925178,-0.07795797740152845,2.997847065905402,6.33,2.998174432156839
633,-0.09043118792742401,-0.09457226074987607,2.997022271211439,6.34,2.997311764163124
634,-0.10632729969399651,-0.11116443166676147,2.996038470913213,6.35,2.996283060649583
635,-0.12221316226779537,-0.12773059021147296,2.9948957593762517,6.36,2.995088562237269
636,-0.1380871101755739,-0.14426683259789144,2.993594247377367,6.37,2.9937285485653895
637,-0.15394742356733246,-0.16076925061552558,2.9921340626143365,6.38,2.992203338332651
638,-0.16979232149798942,-0.17723393104914942,2.9905153502833683,6.39,2.9905132893444053
639,-0.18561995533996156,-0.1936569550969246,2.9887382737231007,6.4,2.988658798565602
640,-0.20142840234094994,-0.21003439778685873,2.9868030151237694,6.41,2.9866403021795755
641,-0.21721565934101963,-0.2263623273915105,2.984709776300003,6.42,2.9844582756526665
642,-0.23297963666273996,-0.24263680484081565,2.982458779525603,6.43,2.9821132338047156
643,-0.24871815218790655,-0.2588538831329796,2.980050268428493,6.4399999999999995,2.9796057308854276
644,-0.2644289256340202,-0.2750096067433729,2.977484508943919,6.45,2.976936360656649
645,-0.28010957304335876,-0.29110001103139327,2.9747617903238255,6.46,2.9741057564805553
646,-0.2957576014971405,-0.3071211216453072,2.971882426200233,6.47,2.971114591413789
647,-0.3113704040668499,-0.3230689539250675,2.9688467557002918,6.4799999999999995,2.9679635783075513
648,-0.32694525501443683,-0.3389395123031821,2.9656551446105937,6.49,2.9646534699136815
649,-0.3424793052526415,-0.35472878970370386,2.962307986588184,6.5,2.9611850589967337
650,-0.3579695780762875,-0.3704327669394872,2.9588057044156297,6.51,2.9575591784520765
651,-0.3734129651748771,-0.38604741210784554,2.9551487512973713,6.52,2.9537767014300225
652,-0.3888062229363876,-0.40156867998483525,2.951337612194507,6.53,2.94983854146601
653,-0.40414596905163486,-0.41699251141839994,2.9473728051950396,6.54,2.9457456526168553
654,-0.41942867942808926,-0.4323148327206946,2.943254882916538,6.55,2.941499029603064
655,-0.4346506854214559,-0.4475315550599126,2.9389844339380846,6.56,2.937099707957235
656,-0.44980817139282897,-0.46263857385204354,2.9345620842582774,6.57,2.932548764178538
657,-0.4648971725986403,-0.47763176815301533,2.929988498776011,6.58,2.927847315893279
658,-0.47991357342007995,-0.4925070000517679,2.925264382790659,6.59,2.9229965220215326
659,-0.4948531059380459,-0.5072601140648375,2.9203904835182417,6.6,2.9179975829498432
660,-0.5097113488591214,-0.5218869365331426,2.9153675916200945,6.61,2.912851740709965
661,-0.5244837267974478,-0.5363832750217099,2.9101965427405023,6.62,2.9075602791636266
662,-0.5391655099167764,-0.5507449177231962,2.9048782190497104,6.63,2.90212452419327
663,-0.5537518139363163,-0.5649676328661056,2.899413550788709,6.64,2.8965458438987417
664,-0.5682376005034185,-0.5790471681287453,2.8938035178121173,6.65,2.890825648799867
665,-0.5826176779354525,-0.592979250060022,2.8880491511255055,6.66,2.8849653920448595
666,-0.5968867023326465,-0.6067595835083331,2.8821515344134383,6.67,2.87896656962447
667,-0.6110391790629537,-0.6203838510598685,2.8761118055545296,6.68,2.872830720591814
668,-0.6250694646194186,-0.6338477124878069,2.869931158119793,6.6899999999999995,2.866559427287757
669,-0.6389717688498378,-0.6471468042139956,2.8636108428505516,6.7,2.8601543155717435
670,-0.6527401575578602,-0.6602767387848362,2.8571521691121915,6.71,2.8536170550579514
671,-0.6663685554740513,-0.6732331043632717,2.8505565063200584,6.72,2.8469493593565915
672,-0.6798507495947484,-0.6860114642388764,2.8438252853337986,6.7299999999999995,2.840152986320213
673,-0.6931803928859425,-0.698607356358257,2.836959999816483,6.74,2.833229738294802
674,-0.7063510083487354,-0.7110162928781144,2.829962207554887,6.75,2.8261814623754664
675,-0.7193559934423277,-0.7232337597435213,2.822833531737316,6.76,2.819010050666465
676,-0.7321886248598095,-0.7352552162941265,2.8155756621854406,6.77,2.811717440545315
677,-0.7448420636514494,-0.7470760949012306,2.808190356536626,6.78,2.8043056149306933
678,-0.757309360689524,-0.7586918006388675,2.8006794413733216,6.79,2.7967766025537895
679,-0.7695834624681535,-0.770097710992265,2.7930448132961128,6.8,2.7891324782327698
680,-0.7816572172309706,-0.7812891756072626,2.7852884399371405,6.81,2.7813753631499556
681,-0.7935233814188979,-0.792261516084539,2.777412360910623,6.82,2.7735074251312826
682,-0.8051746264297044,-0.8030100258227341,2.7694186886973506,6.83,2.765530878927582
683,-0.8166035456804771,-0.8135299699148382,2.7613096094600453,6.84,2.757447986497164
684,-0.8278026619635485,-0.8238165851024699,2.753087383786632,6.85,2.7492610572891514
685,-0.8387644350859301,-0.8338650797929893,2.7447543473585196,6.86,2.7409724485269646
686,-0.8494812697817462,-0.8436706341446639,2.73631291154112,6.87,2.732584565491299
687,-0.8599455238866835,-0.8532284002254522,2.7277655638939104,6.88,2.724099861801879
688,-0.8701495167629534,-0.8625335022512582,2.719114868597501,6.89,2.7155208396972466
689,-0.8800855379628213,-0.8715810369098811,2.7103634667952448,6.9,2.7068500503117305
690,-0.8897458561182843,-0.8803660737772141,2.7015140768470762,6.91,2.69809009394873
691,-0.899122728044066,-0.8888836558326193,2.6925694944933634,6.92,2.6892436203493384
692,-0.9082084080406556,-0.8971288000807596,2.683532592926732,6.93,2.680313328955296
693,-0.916995157383754,-0.9050964982875661,2.674406322769909,6.9399999999999995,2.671301969165151
694,-0.9254752539861032,-0.9127817178383968,2.6651937119577966,6.95,2.6622123405824634
695,-0.9336410022173252,-0.9201794027268396,2.655897865522135,6.96,2.6530472932547817
696,-0.9414847428670852,-0.9272844746830299,2.6465219652772216,6.97,2.643809727902034
697,-0.9489988632365658,-0.9340918344507302,2.6370692694053615,6.9799999999999995,2.6345025961329083
698,-0.9561758073429832,-0.9405963632228691,2.6275431119408124,6.99,2.6251289006476743
699,-0.963008086221602,-0.9467929242456135,2.6179469021511936,7.0,2.615691695425817
700,-0.9694882883094921,-0.9526763646014907,2.608284123815444,7.01,2.6061940858967394
701,-0.9756090898950419,-0.9582415171824582,2.598558334397606,7.02,2.596639229091699
702,-0.9813632656170862,-0.9634832028642425,2.5887731641158522,7.03,2.587030333775014
703,-0.9867436989973268,-0.9683962328936446,2.57893231490634,7.04,2.5773706605524724
704,-0.9917433929896218,-0.9729754115009085,2.569039559281642,7.05,2.5676635219547492
705,-0.9963554805295854,-0.9772155387495839,2.559098739083669,7.06,2.5579122824935276
706,-1.0005732350678909,-0.9811114136366837,2.5491137641311687,7.07,2.5481203586878807
707,-1.0043900810705988,-0.9846578374562333,2.539088610762038,7.08,2.5382912190583413
708,-1.007799604469824,-0.9878496174395993,2.529027320270864,7.09,2.528428384085969
709,-1.0107955630480412,-0.990681570686225,2.5189339972422853,7.1,2.5185354261335684
710,-1.013371896739375,-0.9931485283986069,2.5088128077808998,7.11,2.5086159693260934
711,-1.015522737831263,-0.9952453404354953,2.4986679776386573,7.12,2.4986736893871253
712,-1.0172424210499733,-0.9969668801973909,2.488503790240787,7.13,2.48871231342816
713,-1.0185254935135588,-0.9983080498584429,2.4783245846115327,7.14,2.4787356196873276
714,-1.0193667245359712,-0.9992637859587937,2.468134753201081,7.15,2.4687474372140024
715,-1.0197611152662176,-0.9998290653713,2.4579387396152663,7.16,2.458751645495626
716,-1.0197039081466321,-0.9999989116563185,2.447741036249765,7.17,2.4487521740229345
717,-1.0191905961745442,-0.9997684018179271,2.4375461818306903,7.18,2.438753001789641
718,-1.0182169319518695,-0.9991326734745027,2.4273587588636056,7.1899999999999995,2.4287581567224996
719,-1.016778936507407,-0.9980869324560179,2.4171833909931735,7.2,2.4187717150375336
720,-1.0148729078769232,-0.9966264608397104,2.4070247402757836,7.21,2.4087978005181134
721,-1.0124954294264028,-0.9947466254349255,2.3968875043676374,7.22,2.3988405837104367
722,-1.0096433779041987,-0.9924428867269367,2.38677641363096,7.2299999999999995,2.388904281031874
723,-1.006313931208159,-0.9897108082883526,2.3766962281610944,7.24,2.3789931537875457
724,-1.0025045758542026,-0.9865460666653648,2.366651734737413,7.25,2.369111507090419
725,-0.9982131141332053,-0.9829444617445322,2.356647743701084,7.26,2.3592636886801355
726,-0.9934376709435033,-0.9789019276040305,2.3466890857628835,7.27,2.349454087635758
727,-0.9881767002867488,-0.9744145438513239,2.3367806087443586,7.28,2.339687132977572
728,-0.9824289914153306,-0.9694785474469979,2.326927174255762,7.29,2.329967292153081
729,-0.9761936746200549,-0.9640903450120613,2.3171336543142984,7.3,2.320299069402334
730,-0.9694702266472865,-0.9582465256133352,2.307404927906346,7.31,2.3106870039977916
731,-0.9622584757352759,-0.9519438740186181,2.2977458774973925,7.32,2.3011356683539823
732,-0.9545586062599348,-0.9451793844101215,2.288161385493566,7.33,2.2916496660023005
733,-0.9463711629808746,-0.937950274541233,2.278656330658681,7.34,2.282233629426438
734,-0.9376970548791076,-0.9302540003179659,2.2692355844908794,7.35,2.2728922177541118
735,-0.9285375585783804,-0.9220882707824984,2.2599040075629495,7.36,2.263630114300947
736,-0.9188943213427228,-0.9134510634720204,2.2506664458305674,7.37,2.2544520239626182
737,-0.9087693636433892,-0.9043406401216498,2.2415277269126848,7.38,2.245362670451659
738,-0.8981650812890208,-0.8947555626755588,2.2324926563484477,7.39,2.2363667933756672
739,-0.8870842471134615,-0.8846947095655625,2.22356601383501,7.4,2.227469145154024
740,-0.8755300122163332,-0.8741572922114043,2.2147525494507065,7.41,2.2186744877706857
741,-0.863505906752097,-0.8631428716917581,2.206056979868068,7.42,2.209987589361063
742,-0.8510158402640255,-0.8516513755296803,2.1974839845612246,7.43,2.2014132206315793
743,-0.8380641015601474,-0.8396831145308294,2.1890382020122554,7.4399999999999995,2.19295615111105
744,-0.8246553581289116,-0.8272387996073423,2.180724225921078,7.45,2.184621145233696
745,-0.810794655093005,-0.814319558514847,2.17254660142349,7.46,2.1764129582542933
746,-0.7964874137004094,-0.8009269524247072,2.1645098213219858,7.47,2.1683363319967004
747,-0.78173942935251,-0.7870629922484069,2.1566183223339745,7.4799999999999995,2.16039599043784
748,-0.7665568691697123,-0.7727301546259083,2.148876481362038,7.49,2.1525966351300356
749,-0.7509462690957417,-0.7579313974850755,2.141288611790831,7.5,2.144942940465538
750,-0.7349145305424484,-0.7426701750747902,2.1338589598152446,7.51,2.1374395487879903
751,-0.7184689165776721,-0.7269504523704117,2.1265917008044033,7.52,2.1300910653566336
752,-0.701617047659353,-0.710776718746679,2.1194909357060614,7.53,2.1229020531700176
753,-0.6843668969197876,-0.6941540008102451,2.112560687495905,7.54,2.115877027657102
754,-0.6667267850045608,-0.6770878742817364,2.105804897676247,7.55,2.1090204512446835
755,-0.648705374471404,-0.6595844748157622,2.0992274228285326,7.56,2.1023367278112293
756,-0.6303116637548288,-0.6416505076465637,2.092832031224037,7.57,2.0958301970382798
757,-0.6115549807030862,-0.6232932559472651,2.086622399497062,7.58,2.0895051286717403
758,-0.5924449756945861,-0.6045205877918576,2.080602109384863,7.59,2.083365716706471
759,-0.5729916143416117,-0.5853409616113704,2.0747746445384943,7.6,2.077416073508699
760,-0.5532051697897152,-0.5657634300390034,2.0691433874086362,7.61,2.0716602238918336
761,-0.5330962146218382,-0.5457976420435688,2.0637116162104197,7.62,2.066102099162316
762,-0.5126756123767462,-0.5254538432562732,2.0584825019711395,7.63,2.060745531153083
763,-0.4919545086920064,-0.5047428744028662,2.0534591056646745,7.64,2.0555942462631664
764,-0.47094432208224274,-0.48367616776128275,2.0486443754363095,7.65,2.050651859522788
765,-0.44965673436399883,-0.462265741574314,2.0440411439215493,7.66,2.0459218687040397
766,-0.42810368073901917,-0.44052419235734397,2.039652125662405,7.67,2.0414076484979224
767,-0.4062973395483447,-0.41846468505291884,2.035479914624501,7.68,2.037112444779035
768,-0.384250121710044,-0.39610094099659415,2.0315269818182355,7.6899999999999995,2.033039368979639
769,-0.3619746598539211,-0.37344722367224414,2.0277956730270916,7.7,2.0291913925951017
770,-0.33948379716699456,-0.3505183222495923,2.024288206646055,7.71,2.0255713418428853
771,-0.3167905759639427,-0.3273295329119898,2.021006671632968,7.72,2.022181892497206
772,-0.29390822599719124,-0.3038966379984403,2.017953025575492,7.7299999999999995,2.0190255649213875
773,-0.27085015252164407,-0.28023588300012364,2.0151290928762053,7.74,2.0161047193195527
774,-0.2476299241294836,-0.25636395146831453,2.0125365630582235,7.75,2.0134215512288502
775,-0.22426126037075703,-0.23229793790717393,2.010176989193549,7.76,2.0109780872727443
776,-0.20075801917586367,-0.20805531874148292,2.0080517864562224,7.77,2.0087761811950857
777,-0.1771341840962832,-0.183653921465478,2.006162230802171,7.78,2.006817510193694
778,-0.1534038513802181,-0.15911189209463578,2.0045094577774893,7.79,2.0051035715710452
779,-0.1295812169000145,-0.1344476610570619,2.0030944614567177,7.8,2.003635679718362
780,-0.10568056294852518,-0.10967990767513414,2.001918093512517,7.81,2.0024149634479693
781,-0.0817162449217021,-0.08482752340073985,2.000981062417965,7.82,2.001442363687212
782,-0.05770267790493591,-0.05990957397894719,2.000283932782517,7.83,2.0007186315455185
783,-0.03365432318074729,-0.0349452607248343,1.9998271248225183,7.84,2.0002443267644305
784,-0.009585674675629739,-0.00995388110658811,1.9996109139669547,7.85,2.0000198165584884
785,0.014488754636140537,0.015045211165549318,1.9996354305989643,7.86,2.000045274852929
786,0.03855444635378725,0.04003264634015761,1.9999006599334523,7.87,2.0003206819221124
787,0.06259689027849073,0.06498907890831214,2.000406442030972,7.88,2.0008458244305505
788,0.08660159803101233,0.08989522776215948,2.001152471947847,7.89,2.00162029587631
789,0.11055411664057359,0.11473191602177131,2.002138300022343,7.9,2.0026434974345233
790,0.1344400420870607,0.1394801103267482,2.0033633322965105,7.91,2.0039146391966534
791,0.15824503277875565,0.16412095939418037,2.004826831073142,7.92,2.0054327417991726
792,0.18195482294781593,0.18863583165140715,2.0065279156071067,7.93,2.007196638433349
793,0.20555523594592595,0.21300635176074795,2.00846556293016,7.94,2.009204977225969
794,0.2290321974226353,0.23721443586357874,2.0106386088081356,7.95,2.0114562239790454
795,0.25237174836913506,0.2612423253829133,2.0130457488292617,7.96,2.013948665254884
796,0.2755600580103519,0.2850726192365859,2.01568553962217,7.97,2.016680411791351
797,0.2985834365285419,0.3086883043273356,2.0185564002020007,7.9799999999999995,2.0196494022307543
798,0.3214283476017809,0.33207278419108893,2.0216566134428287,7.99,2.022853407144521
799,0.34408142074102516,0.3552099057004909,2.024984327674481,8.0,2.0262900333347
800,0.36652946340976456,0.37808398373703295,2.028537558401651,8.01,2.029956728392417
801,0.388759472910547,0.40067982376160766,2.0323141901430595,8.02,2.0338507854925942
802,0.4107586480230751,0.4229827422300423,2.036311978388247,8.03,2.0379693484036308
803,0.4325144003789101,0.44497858481666225,2.040528551669445,8.04,2.0423094166903115
804,0.4540143655582336,0.46665374242521457,2.0449614137458165,8.05,2.0468678510878946
805,0.47524641389450917,0.48799516498223977,2.0496079458972125,8.06,2.051641379025215
806,0.49619866097340337,0.508990373023235,2.0544654093244628,8.07,2.0566266002746785
807,0.5168594778126602,0.529627467096219,2.0595309476530677,8.08,2.0618199927071723
808,0.5372175007102293,0.5498951350209645,2.0648015895370406,8.09,2.067217918130255
809,0.5572616407483765,0.569782657054605,2.070274251359521,8.1,2.072816628188421
810,0.5769810929420413,0.5892799090257994,2.0759457400266643,8.11,2.078612270304809
811,0.5963653450202469,0.6083773635099426,2.081812755851181,8.12,2.0846008936443954
812,0.6154041858299173,0.627066089127031,2.0878718955218214,8.13,2.090778455079479
813,0.6340877133520005,0.6453377480516823,2.094119655154955,8.14,2.097140825139122
814,0.6524063423204561,0.6631845918315695,2.1005524334243475,8.15,2.1036837939251654
815,0.6703508114351359,0.680599455615887,2.1071665347650934,8.16,2.1104030769783777
816,0.6879121901603197,0.697575750899883,2.113958172647619,8.17,2.1172943210793855
817,0.705081885101217,0.7141074568945652,2.1209234729175592,8.18,2.1243531099700816
818,0.7218516459513987,0.7301891106327556,2.128058477197268,8.19,2.131574969982321
819,0.7382135710047669,0.745815795923677,2.1353591463446278,8.2,2.1389553755618236
820,0.7541601122263181,0.7609831312682881,2.142821363964774,8.209999999999999,2.146489754676332
821,0.7696840798766176,0.7756872568467313,2.1504409399703044,8.22,2.1541734940981994
822,0.7847786466855526,0.7899248206875595,2.1582136141854753,8.23,2.1620019445526557
823,0.7994373515716586,0.803692964126058,2.166135059989882,8.24,2.16997042572414
824,0.813654102903893,0.8169893066558211,2.1742008879970283,8.25,2.1780742311140857
825,0.827423181303512,0.8298119302742175,2.1824066497632235,8.26,2.18630863274461
826,0.8407392419843275,0.8421593634182055,2.190747841522199,8.27,2.1946688857035346
827,0.8535973166303263,0.8540305645824807,2.1992199079408006,8.28,2.203150232527101
828,0.8659928148103178,0.865424905707096,2.207818245891153,8.29,2.2117479074176414
829,0.8779215249299606,0.8763421554166184,2.2165382082346534,8.3,2.220457140294321
830,0.889379614722193,0.8867824621876168,2.2253751076131714,8.31,2.229273160675845
831,0.9003636312778078,0.8967463375159367,2.2343242202428653,8.32,2.2381912013947933
832,0.9108705006185248,0.9062346391497258,2.2433807897059994,8.33,2.2472065021438943
833,0.9208975268156536,0.9152485544488126,2.2525400307362267,8.34,2.256314312855214
834,0.9304423906580641,0.923789583925614,2.2617971329927973,8.35,2.2655098969138074
835,0.9395031478738565,0.9318595250174759,2.2711472648192133,8.36,2.274788534207894
836,0.9480782269107678,0.9394604561351787,2.280585576981887,8.37,2.284145524018099
837,0.9561664262810059,0.9465947210273425,2.2901072063844268,8.38,2.293576187748735
838,0.9637669114768087,0.9532649134956351,2.299707279753202,8.39,2.3030758715044453
839,0.9708792114636963,0.9594738624910992,2.309380917289977,8.4,2.3126399485158933
840,0.9775032147589257,0.9652246176174977,2.3191232362873624,8.41,2.3222638214184217
841,0.9836391651033205,0.9705204350634553,2.3289293547030363,8.42,2.3319429243878735
842,0.9892876567351881,0.9753647639812661,2.3387943946886725,8.43,2.341672725137958
843,0.9944496292756245,0.9797612333265837,2.348713486069664,8.44,2.351448726783695
844,0.9991263622350521,0.9837136391698303,2.358681769771796,8.45,2.3612664695756105
845,1.003319469151378,0.9872259324870192,2.368694401191127,8.459999999999999,2.3711215325094352
846,1.0070308913706738,0.9903022074348042,2.3787465535034698,8.47,2.3810095348161338
847,1.010262891481779,0.9929466901119333,2.3888334209099167,8.48,2.3909261373371047
848,1.0130180464167275,0.9951637278068983,2.398950221815056,8.49,2.4008670437894466
849,1.015299240229328,0.9969577787294027,2.409092201934551,8.5,2.4108280019261032
850,1.0171096565647058,0.9983334022213397,2.419254637328962,8.51,2.4208048045957367
851,1.0184527708330133,0.9992952494412568,2.4294328373607668,8.52,2.430793290707077
852,1.0193323421009253,0.9998480545147568,2.4396221475716975,8.53,2.4407893461024597
853,1.019752404714906,0.9999966261419685,2.449817952477641,8.54,2.4507889043451536
854,1.0197172596705997,0.9997458396520678,2.460015678278491,8.55,2.4607879474250134
855,1.0192314657430188,0.999100629493864,2.470210795480476,8.56,2.470782506386859
856,1.0182998303925164,0.9980659821506369,2.480398821428674,8.57,2.4807686618859055
857,1.0169274004618112,0.996646929466741,2.4905753227475134,8.58,2.4907425446743976
858,1.0151194526795932,0.9948485423729551,2.5007359176872677,8.59,2.500700336023523
859,1.0128814839864717,0.9926759249971319,2.510876278374691,8.6,2.5106382680845125
860,1.0102192016992328,0.9901342091463988,2.520992132966082,8.61,2.520552624192718
861,1.0071385135295612,0.9872285491469569,2.5310792677012564,8.62,2.530439739118315
862,1.003645517473532,0.9839641170274066,2.541133528857045,8.63,2.5402959992671277
863,0.9997464915883149,0.9803460980315022,2.551150824599103,8.64,2.5501178428349425
864,0.9954478836726239,0.9763796864462677,2.561127126731004,8.65,2.559901759918555
865,0.9907563008675448,0.9720700817315275,2.5710584723397143,8.66,2.569644292586596
866,0.9856784991944004,0.967422484937047,2.5809409653367528,8.67,2.5793420349131138
867,0.980221373046351,0.9624420953937075,2.5907707778944817,8.68,2.5889916329767066
868,0.9743919446504238,0.9571341076653788,2.600544151777155,8.69,2.5985897848278814
869,0.9681973535166274,0.951503708748453,2.6102573995665046,8.7,2.6081332404271804
870,0.9616448458907624,0.9455560755063138,2.619906905781826,8.71,2.6176188015564903
871,0.9547417642274544,0.9392963723263787,2.6294891278946726,8.72,2.627043321705808
872,0.947495536699807,0.9327297489876826,2.639000597238463,8.73,2.6364037059376617
873,0.9399136667619814,0.9258613387274031,2.648437919813423,8.74,2.64569691073119
874,0.9320037227807988,0.9186962564950796,2.6577977769874894,8.75,2.654919943807845
875,0.9237733277523114,0.9112395973837023,2.667076926093944,8.76,2.6640698639405254
876,0.9152301491190579,0.9034964352272533,2.6762722009267006,8.77,2.6731437807478704
877,0.9063818887034917,0.895471821354696,2.685380512134336,8.78,2.6821388544753075
878,0.8972362727728044,0.8871707834908132,2.694398847514093,8.79,2.6910522957643908
879,0.8878010422500839,0.8785983247947144,2.7033242722072632,8.8,2.699881365411841
880,0.8780839430864487,0.8697594230272444,2.7121539287974543,8.81,2.7086233741196177
881,0.8680927168084318,0.8606590298388932,2.720885037313468,8.82,2.717275682237285
882,0.8578350912545962,0.8513020701702612,2.7295148951385673,8.83,2.7258356994978183
883,0.8473187715149273,0.8416934417574636,2.73804087682812,8.84,2.7343008847479444
884,0.8365514310861847,0.8318380147352686,2.7464604338377057,8.85,2.7426687456740377
885,0.8255407032559716,0.8217406313311221,2.7547710941639068,8.86,2.7509368385245025
886,0.8142941727278394,0.8114061056435687,2.762970461900136,8.87,2.759102767829524
887,0.8028193674992883,0.8008392234989321,2.7710562167099737,8.88,2.7671641861190013
888,0.7911237510040667,0.7900447423804513,2.779026113220587,8.89,2.7751187936394084
889,0.7792147145296356,0.7790273914243707,2.786877980338955,8.9,2.7829643380702955
890,0.7670995699202234,0.7677918714778483,2.7946097204936717,8.91,2.7906986142410584
891,0.7547855425753055,0.7563428552137826,2.8022193088052605,8.92,2.798319463848573
892,0.7422797647528443,0.7446849872979945,2.809704792187982,8.93,2.8058247751762497
893,0.7295892691860534,0.7328228846044478,2.817064288386239,8.94,2.8132124828149996
894,0.716720983021889,0.7207611364744752,2.8242959849487512,8.95,2.8204805673865767
895,0.7036817220888877,0.7085043050162166,2.8313981381437543,8.96,2.8276270552697182
896,0.6904781855013941,0.6960569254407365,2.838369071818549,8.97,2.834650018329459
897,0.6771169506065725,0.6834235064314685,2.8452071762068147,8.98,2.84154757364999
898,0.6636044682800682,0.6706085305439385,2.8519109066871153,8.99,2.84831788327135
899,0.6499470585754813,0.6576164546328394,2.8584787824961397,9.0,2.854959153930263
900,0.636150906732239,0.6444517103037825,2.8649093854002166,9.01,2.8614696368053667
901,0.622222059545804,0.6311187043872186,2.8712013583287237,9.02,2.8678476272670776
902,0.608166422103521,0.6176218194322054,2.8773534039730184,9.03,2.8740914646322904
903,0.5939897548887556,0.6039654142178645,2.883364283354571,9.04,2.8801995319241067
904,0.5796976712553404,0.5901538242805302,2.889232814365991,9.05,2.886170255636761
905,0.5652956352737042,0.5761913624547579,2.894957870288642,9.06,2.892002105505884
906,0.5507889599493639,0.5620823194264584,2.9005383782906025,9.07,2.897693594284246
907,0.5361828058138944,0.5478309642966334,2.905973317908653,9.08,2.9032432775230763
908,0.5214821798877579,0.5334415451542425,2.9112617195180466,9.09,2.9086497533590734
909,0.5066919350137783,0.5189182896568907,2.9164026627937507,9.1,2.9139116623071826
910,0.49181676955938824,0.5042654056181313,2.9213952751668817,9.11,2.919027687059212
911,0.4768612274851384,0.48948708160028165,2.926238730279985,9.12,2.923996552288354
912,0.4618296987763228,0.4745874875117489,2.9309322464448284,9.13,2.928817024459655
913,0.4467264202339658,0.4595707752079748,2.9354750851062983,9.14,2.933487911646478
914,0.43155547662073956,0.44444107909514136,2.9398665493160023,9.15,2.9380080633529895
915,0.4163208021568623,0.42920251673595516,2.9441059822190714,9.16,2.942376370342697
916,0.40102618236033294,0.41385918945681166,2.948192765557649,9.17,2.946591764473045
917,0.38567525622531973,0.39841518295576916,2.9521263181944883,9.18,2.950653218536095
918,0.3702715187319221,0.38287456791081304,2.955906094659985,9.19,2.9545597461052817
919,0.35481832367995814,0.3672414005879566,2.9595315837259393,9.2,2.9583104013882524
920,0.3393188868388711,0.35151972344877874,2.963002307009244,9.21,2.961904279085787
921,0.3237762894053273,0.33571356575707756,2.9663178176086142,9.22,2.9653405142567855
922,0.30819348175949113,0.31982694418431,2.9694776987773985,9.23,2.968618282189323
923,0.2925732875105486,0.30386386341363153,2.9724815626354024,9.24,2.971736798277744
924,0.2769184078214617,0.2878283167423021,2.975329048922574,9.25,2.974695317905792
925,0.26123142600251237,0.2717242866823175,2.978019823797291,9.26,2.977493136335759
926,0.24551481236272094,0.25555574555915117,2.98055357868188,9.27,2.9801295886036265
927,0.22977092930778353,0.23932665610852488,2.9829300291578944,9.28,2.9826040494201833
928,0.2140020366727522,0.2230409720711622,2.985148913913551,9.29,2.9849159330781077
929,0.19821029727727993,0.20670263878550346,2.9872099937456236,9.3,2.9870646933649807
930,0.18239778269089277,0.1903155937784138,2.9891130506179393,9.31,2.989049823482216
931,0.16656647919533185,0.17388376735387356,2.9908578867785396,9.32,2.990870855969894
932,0.15071829393077435,0.1574110831797719,2.9924443239373764,9.33,2.992527362637467
933,0.13485506121232826,0.14090145887283864,2.993872202506349,9.34,2.9940189545003215
934,0.11897854900296598,0.12435880658183349,2.9951413809032923,9.35,2.995345281722187
935,0.1030904655287764,0.10778703356910552,2.9962517349214157,9.36,2.9965060335633638
936,0.08719246602217397,0.09119004279065532,2.997203157165554,9.37,2.9975009383347637
937,0.07128615957848532,0.07457173347484385,2.9979955565564236,9.38,2.9983297633577357
938,0.05537311611115846,0.05793600169992143,2.998628857903951,9.39,2.9989923149296827
939,0.03945487339061445,0.0412867409705017,2.9991030015505853,9.4,2.999488438295441
940,0.023532944151716865,0.02462784279321472,2.999417943085355,9.41,2.999818017624425
941,0.0076088232546196784,0.007963197251678199,2.999573653129279,9.42,2.999980975993519
942,-0.008316005116277744,-0.008703306419007455,2.9995701171925857,9.43,2.9999772753757252
943,-0.02424006023062412,-0.025367779258051247,2.9994073356040554,9.44,2.9998069166345442
944,-0.04016185758304972,-0.042026332004856844,2.9990853235126242,9.45,2.999469939524108
945,-0.056079901672146604,-0.05867507452480902,2.9986041109612502,9.46,2.9989664226950428
946,-0.07199267880286911,-0.07531011523474951,2.997963743032891,9.47,2.9982964837060866
947,-0.08789864992774735,-0.09192756052799494,2.997164280068272,9.48,2.9974602790414475
948,-0.10379624354214192,-0.10852351419864976,2.996205797954982,9.49,2.996458004133916
949,-0.11968384864877483,-0.12509407686507573,2.995088388487293,9.5,2.9952898933937386
950,-0.13555980780659455,-0.14163534539232495,2.9938121597959126,9.51,2.993956220243264
951,-0.15142241027890985,-0.1581434123133717,2.992377236846774,9.52,2.992457297157367
952,-0.16726988529555475,-0.1746143652489866,2.9907837620077804,9.53,2.9907934757096704
953,-0.18310039544365397,-0.1910442863261072,2.9890318956822997,9.54,2.9889651466245737
954,-0.19891203020134113,-0.20742925159457729,2.9871218170080485,9.55,2.9869727398351036
955,-0.2147027996285203,-0.22376533044211944,2.985053724619865,9.56,2.984816724546613
956,-0.23047062822855208,-0.2400485850074875,2.9828278374747317,9.57,2.982497609306331
957,-0.24621334899435735,-0.2562750695916589,2.980444395737265,9.58,2.9800159420787975
958,-0.2619286976522141,-0.2724408300670532,2.9779036617237775,9.59,2.977372310327192
959,-0.2776143071161298,-0.2885419032847227,2.9752059209028494,9.6,2.9745673411005806
960,-0.2932677021653298,-0.3045743164795094,2.972351482950254,9.61,2.9716017011271054
961,-0.3088862943570208,-0.3205340866731852,2.9693406828559463,9.62,2.9684760969131263
962,-0.3244673771861893,-0.33641722007562824,2.966173882080691,9.63,2.965191274848344
963,-0.34000812150375403,-0.3522197114840966,2.9628514697598174,9.64,2.9617480213169247
964,-0.3555055712040082,-0.36793754368076265,2.959373863951449,9.65,2.9581471628146327
965,-0.37095663919173116,-0.38356668682860473,2.9557415129264717,9.66,2.954389566072003
966,-0.38635810363896667,-0.3991030978658954,2.951954896497392,9.67,2.950476138183559
967,-0.4017066045409138,-0.414542719899513,2.948014527383138,9.68,2.9464078267430933
968,-0.41699864057987973,-0.4298814815973684,2.943920952606765,9.69,2.942185619985016
969,-0.43223056630571816,-0.44511529658028776,2.9396747549229545,9.7,2.9378105469317894
970,-0.4473985896406343,-0.4602400628137554,2.9352765542720833,9.71,2.9332836775474345
971,-0.46249876971566206,-0.47525166199995106,2.9307270092576014,9.72,2.9286061228971305
972,-0.4775270150456081,-0.49014595897064966,2.9260268186433493,9.73,2.923779035312879
973,-0.4924790820485788,-0.5049188010815129,2.921176722867416,9.74,2.9188036085652413
974,-0.5073505739157116,-0.5195660176084784,2.916177505569048,9.75,2.9136810780411198
975,-0.5221369398360675,-0.5340834191469669,2.9110299951250957,9.76,2.9084127209275583
976,-0.5368334745810528,-0.5484667970147347,2.9057350661924097,9.77,2.9029998564015416
977,-0.5514353184521132,-0.562711922659281,2.9002936412525875,9.78,2.8974438458257348
978,-0.5659374575948147,-0.5768145470708147,2.894706692155405,9.79,2.891746092950129
979,-0.5803347246817954,-0.5907704002018892,2.888975241657269,9.8,2.885908044119518
980,-0.5946217999664165,-0.6045751903949017,2.883100364950994,9.81,2.879931188486753
981,-0.6087932127083507,-0.618224603818819,2.877083191183168,9.82,2.873817058231659
982,-0.6228433429716079,-0.6317143039165257,2.8709249049554155,9.83,2.867567228785546
983,-0.6367664237949426,-0.6450399308644046,2.8646267478058105,9.84,2.861183319061184
984,-0.6505565437338857,-0.6581971010458423,2.85819001966673,9.85,2.854666991688112
985,-0.6642076497730056,-0.6711814065405143,2.851616080295429,9.86,2.8480199532531345
986,-0.6777135506063625,-0.6839884146314529,2.844906350673657,9.87,2.8412439545458397
987,-0.6910679202834665,-0.6966136673320608,2.838062314372635,9.88,2.8343407908089473
988,-0.7042643022173997,-0.7090526809353931,2.8310855188797626,9.89,2.827312301993283
989,-0.7172961135511683,-0.7213009455882498,2.823977576883444,9.9,2.8201603730171247
990,-0.730156649877639,-0.733353924892734,2.8167401675124837,9.91,2.812886934029689
991,-0.7428390903078654,-0.7452070555382089,2.8093750375265336,9.92,2.8054939606784393
992,-0.75533650288195,-0.7568557469667465,2.8018840024541403,9.93,2.79798347437992
993,-0.7676418503159816,-0.7682953810753955,2.7942689476749965,9.94,2.790357542593748
994,-0.779747996077999,-0.7795213119588283,2.7865318294430734,9.95,2.7826182790993834
995,-0.7916477107853287,-0.7905288656961661,2.7786746758473764,9.96,2.774767844275259
996,-0.8033336789150609,-0.8013133401860225,2.770699587707162,9.97,2.766808445379806
997,-0.8147985058189021,-0.8118700050341148,2.7626087393985115,9.98,2.7587423368338606
998,-0.826034725033014,-0.8221941014979934,2.7544043796092774,9.99,2.7505718205039216
